genreId,movieId
9,H1
9,H3
9,H7
9,H8
21,H9
21,H10
21,H11
21,H12
21,H13
18,H14
21,H15
21,H16
21,H17
15,H18
21,H19
16,H20
9,H21
21,H22
16,H23
21,H24
18,H25
6,H25
21,H26
21,H27
21,H28
21,H29
21,H30
21,H31
9,H32
9,H33
21,H34
18,H35
21,H36
21,H37
21,H38
21,H39
21,H42
21,H43
21,H44
21,H45
9,H46
21,H47
21,H48
21,H49
21,H50
21,H51
21,H52
21,H53
21,H57
21,H61
8,H61
21,H65
21,H69
21,H73
21,H79
21,H80
21,H81
21,H82
21,H83
21,H84
3,H40
3,H41
21,H54
21,H55
21,H56
21,H58
21,H59
21,H60
21,H62
21,H63
21,H64
21,H66
21,H67
21,H68
21,H70
21,H71
21,H72
21,H74
21,H75
21,H76
21,H77
21,H78
9,H1
9,H3
9,H7
9,H8
21,H9
21,H10
21,H11
21,H12
21,H13
18,H14
21,H15
21,H16
21,H17
15,H18
21,H19
16,H20
9,H21
21,H22
16,H23
21,H24
18,H25
6,H25
21,H26
21,H27
21,H28
21,H29
21,H30
21,H31
9,H32
9,H33
21,H34
18,H35
21,H36
21,H37
21,H38
21,H39
21,H42
21,H43
21,H44
21,H45
9,H46
21,H47
21,H48
21,H49
21,H50
21,H51
21,H52
21,H53
21,H57
21,H61
8,H61
21,H65
21,H69
21,H73
21,H79
21,H80
21,H81
21,H82
21,H83
21,H84
3,H40
3,H41
21,H54
21,H55
21,H56
21,H58
21,H59
21,H60
21,H62
21,H63
21,H64
21,H66
21,H67
21,H68
21,H70
21,H71
21,H72
21,H74
21,H75
21,H76
21,H77
21,H78
9,H1
9,H3
9,H7
9,H8
21,H9
21,H10
21,H11
21,H12
21,H13
18,H14
21,H15
21,H16
21,H17
15,H18
21,H19
16,H20
9,H21
21,H22
16,H23
21,H24
18,H25
6,H25
21,H26
21,H27
21,H28
21,H29
21,H30
21,H31
9,H32
9,H33
21,H34
18,H35
21,H36
21,H37
21,H38
21,H39
21,H42
21,H43
21,H44
21,H45
9,H46
21,H47
21,H48
21,H49
21,H50
21,H51
21,H52
21,H53
21,H57
21,H61
8,H61
21,H65
21,H69
21,H73
21,H79
21,H80
21,H81
21,H82
21,H83
21,H84
3,H40
3,H41
21,H54
21,H55
21,H56
21,H58
21,H59
21,H60
21,H62
21,H63
21,H64
21,H66
21,H67
21,H68
21,H70
21,H71
21,H72
21,H74
21,H75
21,H76
21,H77
21,H78
9,H1
9,H3
9,H7
9,H8
21,H9
21,H10
21,H11
21,H12
21,H13
18,H14
21,H15
21,H16
21,H17
15,H18
21,H19
16,H20
9,H21
21,H22
16,H23
21,H24
18,H25
6,H25
21,H26
21,H27
21,H28
21,H29
21,H30
21,H31
9,H32
9,H33
21,H34
18,H35
21,H36
21,H37
21,H38
21,H39
21,H42
21,H43
21,H44
21,H45
9,H46
21,H47
21,H48
21,H49
21,H50
21,H51
21,H52
21,H53
21,H57
21,H61
8,H61
21,H65
21,H69
21,H73
21,H79
21,H80
21,H81
21,H82
21,H83
21,H84
3,H40
3,H41
21,H54
21,H55
21,H56
21,H58
21,H59
21,H60
21,H62
21,H63
21,H64
21,H66
21,H67
21,H68
21,H70
21,H71
21,H72
21,H74
21,H75
21,H76
21,H77
21,H78
8,WKD10
6,WKD50
8,ALu2
8,ALu3
6,ALu5
8,ALu6
1,ALu30
6,ESP9
6,ESP10
23,ESP11
23,ESP12
9,ESP25
9,ESP26
9,ESP27
9,ESP28
9,ESP40
25,GMs4
25,GMs6
4,GMs6
25,GMs8
25,GMs20
9,AMv10
25,WRB10
9,CPa50
13,WHa1
5,WHa8
3,WMc10
15,ThE10
5,ThE10
3,JaC1
23,JaC10
23,JaC15
23,JaC20
23,JaC23
3,JaC25
15,JaC28
23,GKS60
25,LMi1
25,LMi5
9,LMi23
9,LMi25
9,LMi35
9,DWG7
9,DWG8
9,DWG9
5,DWG10
6,DWG11
23,DWG15
9,DWG27
5,DWG40
23,DWG49
9,DWG50
25,DWG51
25,DWG52
9,DWG52
9,DWG55
9,DWG57
18,DWG58
9,DWG64
25,DWG67
23,DWG71
9,DWG71
9,DWG72
8,DWG72
5,DWG80
18,Z0210
18,Z0220
18,Z0230
18,Z0240
18,Z0250
18,Z0260
18,Z0270
4,EiC10
25,GdL10
9,MCs2
9,MCs3
9,MCs10
4,WMk10
18,FkP10
9,GlS10
5,ISB10
9,ThB10
9,ThB30
9,ThB55
9,UgF10
18,UgF12
3,APv11
9,AuB10
23,ThI10
23,ThI18
23,ThI33
25,ThI40
23,ThI65
9,UrG10
9,WmH10
9,ADw5
9,ADw6
3,ADw17
3,ADw22
18,ADw27
18,ADw35
9,ADw40
1,ADw45
15,ADw52
1,ADw60
23,ADw70
23,ADw72
23,ADw75
3,ADw78
9,ADw80
9,AEG37
9,AEG41
16,AEG50
5,AEG60
15,AEG60
5,AEG70
15,AEG70
25,JCw41
18,JCw44
6,JCw50
9,JCw53
25,JCw57
9,JCw61
18,JCw62
6,JDu10
26,MaT10
9,MaT25
9,MaT27
26,MaT40
5,LMe10
9,LoW3
9,LoW5
15,LoW11
21,ME180
21,ME240
6,MSe10
6,MSe15
6,MSe18
6,MSt30
9,MSt30
18,MSt40
9,MSt53
25,SiO10
25,SiO30
9,VSj1
9,VSj6
5,VSj7
9,VSj8
26,Z1210
26,Z1220
26,Z1230
9,ElR10
18,NOx20
9,AcG10
23,BuG10
15,CDM0
23,CDM1
9,CDM3
9,CDM5
9,CDM6
9,CDM7
9,CDM9
9,CDM15
9,CDM17
9,CDM18
9,CDM19
9,CDM22
23,CDM32
18,CDM40
25,CDM45
25,CDM51
9,CDM55
25,CDM56
9,CDM59
23,CDM64
25,CDM68
3,CDM68
25,CDM75
25,CDM77
25,CDM78
18,CDM78
25,CDM79
25,CDM80
9,EGz10
9,GBS10
9,GBS20
9,GBS30
9,GBS40
8,GBS42
9,GBS90
9,GBS92
23,GBS92
9,GBS93
9,GBS95
9,GBS96
9,GBS97
9,GBS98
9,GBS100
9,GBS102
9,GBS103
6,GBS110
23,GBS115
9,GBS120
6,GBS130
6,GBS132
9,GBS140
6,GBS144
6,GBS145
6,GBS150
9,BHd10
9,DGP1
1,HBn5
25,HBn8
18,HBn25
1,HBn30
1,HBn40
9,HHS1
9,HHS3
9,HHS6
9,HHS8
8,HHS9
8,HHS12
8,HHS13
8,HHS14
8,HHS15
8,HHS16
8,HHS22
8,HHS24
8,HHS26
8,HHS28
8,HHS36
8,HHS38
8,HHS48
8,HHS50
3,Z4210
3,Z4215
3,Z4220
3,Z4222
3,Z4225
3,Z4230
3,Z4240
6,ADA10
9,AK50
9,AK59
18,AK90
5,AK90
6,AK96
9,CC1
9,CC43
6,CC50
6,CC52
6,CC62
6,CC66
9,CC68
9,CC70
9,CC72
9,CC73
6,CC75
6,CC78
6,CC80
9,CC80
6,CGl10
25,CGl42
25,CGl44
25,CGl46
25,CGl48
9,CGl115
6,CWl10
8,ECs10
9,ECs10
6,El9
6,El13
6,El15
9,EL19
9,EL21
6,EL28
9,EL29
9,EL31
6,EL33
6,EL34
6,El35
9,EL36
9,EL37
9,EL38
9,EL39
9,EL40
18,EL42
18,EL44
5,EL44
6,EL46
18,EL48
15,EL52
15,EL53
15,EL54
18,EL56
15,EL56
18,EL57
15,EL61
6,EL63
18,EL64
18,EL65
6,EL67
18,EL68
18,EL69
9,PFo10
25,PFo10
1,PFo10
9,PFo15
9,PFo20
9,PFo25
9,ReB8
9,ReB10
9,ASa14
9,ASa29
9,ASa30
18,ASa31
9,ASa34
6,ASa39
9,ASa41
9,ASa47
9,ASa49
5,ASa50
9,ASa51
9,ECa62
15,ECa64
3,ECa65
25,GD19
18,GMf20
9,GMf21
18,GMf40
18,GMf50
13,GMf60
9,GMf70
9,GuS10
9,GuS12
5,IGA50
5,IGA70
6,JGE10
25,JGE18
25,JGE20
9,JGE25
9,JMa30
6,LaW10
13,LFl30
25,LFl50
26,LFl70
3,RaW2
6,RaW20
9,RaW47
3,RaW59
5,RaW59
15,RaW59
15,RaW60
26,RaW62
5,RaW63
18,RaW64
3,RaW66
9,RaW72
15,RaW73
23,RaW75
23,RaW77
3,RaW78
23,RaW80
18,RaW82
9,RaW85
9,RaW87
6,SG30
5,SG33
5,SG37
5,SG43
16,SG54
9,SG60
9,SG66
16,SG69
16,SG71
6,SG71
8,WDT10
18,WDT19
9,WDT27
9,Z1510
9,Z1512
9,Z1514
9,Z1516
9,Z1518
9,Z1520
9,Z1522
9,Z1524
9,Z1526
9,Z1528
9,Z1530
9,Z1532
9,Z1536
9,Z1538
9,Z1540
9,Z1542
9,Z1544
9,Z1546
9,Z1548
9,Z1550
9,Z1552
9,Z1554
9,Z1556
9,Z1558
9,Z1560
9,Z1562
9,Z1564
9,Z1566
9,Z1568
9,Z1570
9,Z1572
6,Z1578
5,AG20
25,AG20
9,AG30
5,AG40
25,AG40
9,AG50
25,AG65
25,AG70
25,ECn167
23,ECn168
6,ECn168
6,ECn169
15,ECn177
6,ECn177
9,HK25
15,HK30
6,HK50
9,HK56
25,HK58
9,HK66
15,HK67
3,HK69
9,HK76
5,HK77
3,HK80
21,HK82
23,HK83
25,HK86
3,HK89
18,HK89
18,HK91
3,HK92
3,HK94
6,JqF4
6,JqF6
9,JqF25
9,JqF30
6,JqF40
3,JqF50
18,JqF50
9,MaN30
6,MaN35
18,MaN40
9,SFr42
6,SFr42
6,SFr43
9,SFr46
9,SFr60
23,EJL10
18,WDM3
18,WDM5
9,AbA10
25,BsK4
6,BsK6
6,BsK16
6,BsK19
6,BsK21
6,BsK22
6,BsK23
6,BsK24
6,BsK25
6,BsK26
6,BsK27
9,FbM10
9,FLl4
9,FLl7
9,FLl10
5,FLl30
9,FLl40
9,FLl59
18,FLl62
9,FLl70
3,FLl75
23,FLl80
9,FLl85
5,FLl85
3,FLl89
1,FLl99
15,GM190
23,GM200
5,GM222
27,GM223
6,GM225
9,GM226
9,GM227
23,GM235
5,GM237
9,GM237
18,GM237
6,GM238
6,GM240
23,GM240
6,GM242
23,GM300
21,GM305
6,GM305
6,GM310
6,HL1
6,HL2
6,HL3
6,HL4
8,HL4
6,HL8
6,HL20
23,IF15
23,IF43
6,IF75
9,IF76
9,IF78
25,IF79
18,IF81
9,IF83
23,IF86
5,IF87
23,IF88
9,IF91
9,IF92
25,IF94
23,IF99
23,IF100
23,IF101
23,IF103
9,IF106
3,IF108
6,IF111
1,IF111
1,IF112
23,IF112
9,IF115
23,IF120
6,IF125
23,IF129
9,IF135
6,ISR5
13,ISR10
13,ISR30
21,RWN10
13,RWN15
21,RWN20
21,RWN24
21,RWN26
21,RWN28
21,RWN30
21,RWN34
21,RWN36
21,RWN38
21,RWN44
21,RWN46
5,RyB8
6,RyB9
4,RyB9
9,RyB10
9,RyB12
15,RyB14
23,RyB18
6,ViS5
9,ViS58
23,ViS60
15,ViS81
15,ViS83
6,ViS84
6,ViS86
6,ViS87
16,ChB9
9,EvS1
15,EvS6
9,EvS7
3,FrN3
25,FrN4
3,FrN5
3,FrN8
9,FrN11
9,IMS20
9,IMS25
18,IMS30
5,IMS35
9,IMS40
6,IMS50
9,IMS60
9,JKm10
6,KV24
6,KV25
9,KV26
9,KV27
18,KV34
9,KV34
9,KV38
9,KV40
3,KV42
9,KV50
15,KV54
6,KV55
18,KV56
23,KV56
9,KV58
9,KV59
18,KV60
23,KV61
25,KV62
9,TB34
13,TB35
13,TB55
13,TB60
13,TB67
13,TB70
6,WAS77
6,WAS80
18,WAS80
6,WAS82
15,WAS83
6,WAS85
6,WAS95
6,WAS100
18,WAS112
15,WAS112
18,WAS115
6,WAS125
18,WAS130
23,WvD33
9,WvD34
9,WvD36
6,WvD49
18,WvD49
9,WvD50
6,WvD51
15,WvD53
6,WvD54
18,WvD54
28,WvD56
6,WvD57
18,WvD57
15,WvD58
6,WvD60
25,WvD64
5,WvD64
18,WvD65
16,WvD67
6,WvD67
6,WvD69
6,WvD70
18,WvD72
21,WvD75
6,WvD76
6,WvD79
9,WvD79
9,AbP10
9,AbP50
25,C40
13,C91
16,C94
3,C104
3,C106
9,C109
3,C112
18,C113
9,C115
18,C117
5,C118
23,C119
18,C120
23,C122
25,C123
21,C124
15,C126
21,C131
9,C134
15,C135
5,C135
18,C136
9,C136
9,C140
5,C142
3,C143
18,C146
15,C157
6,C160
15,C161
15,C165
3,C171
23,CBa30
18,CBa40
18,CBa45
18,CBa50
16,EmC10
25,FL8
21,FL9
25,FL11
25,FL12
25,FL13
9,FL14
25,FL15
9,FL16
21,FL16
9,FL19
1,FL20
23,FL23
21,FL24
21,FL27
21,FL28
9,FL29
3,FL30
9,FL35
21,FL37
13,FM3
9,FM4
9,FM6
18,FM7
9,FM9
9,FM10
18,FM10
6,FNm5
6,FNm10
6,FNm12
6,FNm18
6,FNm30
6,FNm32
6,FNm40
16,GAr58
21,GAr59
6,GAr59
3,GAr60
9,GAr60
6,GAr80
9,GF30
9,GF31
18,GF70
18,GF90
9,GF150
9,GF160
9,GF170
6,HB60
9,HB85
1,HB85
9,HB86
21,HB95
6,HuF8
9,HuF8
18,JuD8
9,JuD10
15,JuD10
6,JuD13
27,JuD15
21,JuD15
6,JuD20
18,JuD20
25,RhS1
15,RhS15
9,RhS20
3,RiO15
6,RiO25
6,RiO30
6,RiO50
13,RW1
13,RW30
18,CBw9
9,CBw12
9,CBw15
9,CBw17
18,CBw18
18,CBw19
9,CBw22
18,CBw27
15,CBw27
18,CBw28
6,CBw30
18,CBw31
5,CBw31
18,CBw32
6,CBw32
5,CBw33
6,CBw35
18,CBw36
5,CBw37
6,CBw38
18,CBw38
18,CBw41
25,CBw41
9,CBw42
9,CBw43
9,CBw45
6,CBw48
18,CBw48
9,CDr9
13,CDr10
9,CDr30
9,CDr40
9,CuB34
15,CuB37
15,CuB39
9,CuB40
6,CuB44
18,FB13
18,FB15
9,FB21
18,FB27
18,FB29
18,FB39
18,FB40
9,FB42
9,FB43
9,FB45
9,FB51
9,FB52
9,GCt20
9,GCt27
6,GCt50
18,GRi10
9,HBl10
6,HBl20
18,HWx9
5,HWx11
5,HWx16
5,HWx17
18,HWx21
15,HWx21
15,HWx22
9,HWx45
21,HWx54
9,HWx55
9,HWx60
6,JWH10
6,JWH20
6,JWH30
6,JWH40
6,JWH48
6,JWH50
23,JWH60
6,JWH70
6,JWH75
6,JWH80
21,JWH100
6,JWH120
9,LPo10
25,LPo10
8,RoF1
8,RoF10
8,RoF20
8,RoF30
9,SW2
9,SW6
18,SW7
15,SW7
6,SW8
6,SW10
6,SW12
9,SW13
9,SW15
9,SW18
6,SW19
9,SW21
3,SW22
6,SW25
9,SW28
21,SW30
5,SW33
25,VF17
9,VF19
9,VF23
9,VF25
3,VF31
3,VF33
3,VF36
9,VF37
6,VF38
18,VF38
5,VF39
3,VF41
1,VF42
25,VF43
9,VF44
25,VF45
9,VF46
18,VF47
9,VF48
6,ViH20
18,AdB21
6,EdS50
6,EdS60
6,EdS65
6,EdS75
18,EHG15
9,EHG20
9,EHG30
9,EHG38
6,EHG48
15,EHG50
6,EHG50
25,HRi4
25,HRi17
25,HRi19
25,PRo55
6,PRo80
16,PRo80
16,PRo83
6,PRo83
6,PRo86
16,PRo86
16,PRo90
6,PRo90
16,PRo93
6,PRo93
16,PRo96
6,PRo96
25,RaI50
21,RaI55
9,RCS10
6,SaT4
6,SaT5
6,SaT6
6,SaT8
6,SaT9
6,SaT10
6,SaT15
9,SaT17
6,SaT20
6,SaT23
9,CBy10
25,DMu4
6,FNm5
6,FNm10
6,FNm12
6,FNm18
6,FNm30
6,FNm32
6,FNm40
13,JEp15
5,LuB15
9,LuB20
9,LuB21
18,WR10
9,WR31
23,WR40
18,WR42
9,WR50
9,WR60
6,WR72
18,WR80
18,WR86
6,WR120
18,WR120
6,AGe10
6,AGe20
9,AC5
1,AC6
3,AC20
5,CMt10
9,GHl7
9,GP3
9,GP9
6,GP9
1,GP11
9,GP13
15,GP13
8,GP14
9,KMz55
9,KMz57
18,KMz70
9,KMz75
6,RC9
15,RC9
9,RC10
6,RC12
6,RC13
18,RC16
25,RC16
25,RC18
21,RC19
6,RC20
9,RC21
9,RC22
6,RFG1
6,RFG3
6,RFG5
26,RFG5
6,RFG7
6,RFG9
6,RFG20
6,RFG22
6,RFG25
6,RFG27
6,RFG30
9,RFG35
6,RFG40
18,RFG40
18,RFG41
13,RuJ3
13,RuJ8
21,TWh20
6,TWh25
9,TWh37
15,TWh41
6,TWh45
18,TWh45
15,TWh50
9,TWh60
9,TWh62
9,WiB25
6,WiB100
16,WiB180
6,WiB180
16,WiB183
6,WiB183
16,WiB186
6,WiB186
16,WiB190
6,WiB190
6,WiB199
6,W25
3,W30
9,W38
9,W40
9,W41
1,W50
23,W55
9,W56
9,W60
3,W66
9,W70
9,W73
9,W74
25,W75
9,W76
1,W77
9,W78
6,W82
16,W82
23,W83
9,W83
23,W85
9,W90
3,W98
3,W100
13,WWo10
26,WWo20
15,Z2310
9,EMH10
25,GLp10
9,GLp15
9,GLp17
3,GLp30
9,JR1
9,JR5
9,JR20
6,JR25
9,JR35
18,JR50
9,JR50
25,JR60
9,JR60
9,JR65
9,JR70
13,JR75
9,JR77
9,JR79
6,JR81
9,JR85
9,JR92
15,JR94
18,JR96
25,PlL1
21,PlL2
9,SET1
9,SET8
25,SE1
9,SE4
8,SE6
8,SE8
8,SE10
8,SE15
5,SE20
8,SE28
5,SE25
5,SE26
5,SE27
9,DBu10
18,DBu10
9,WKH1
9,WKH10
9,WKH14
9,WKH20
9,WKH30
9,WKH35
9,WKH40
9,WKH44
9,WKH45
9,WKH50
6,WKH52
9,WKH60
6,AES10
6,AES11
6,AES70
6,AES74
6,AES80
6,AES85
6,AES90
15,AES90
15,AES100
6,AJG50
1,ArF10
6,ChR10
15,ChR13
6,ChR50
6,ChR60
6,ChR80
6,CLa40
6,CLa60
6,CLa65
6,CLa70
6,CLa75
6,CLa80
6,CLa90
6,CLa95
6,CLa100
6,CLa110
6,CLa114
6,CLa115
6,CLa117
6,CLa120
6,CLa121
6,CLa125
6,CLa127
6,CLa135
6,CLa150
9,EAD10
9,EG3
6,EG10
9,EG10
9,EG11
1,EG16
9,EG17
9,EG18
18,EG23
9,EG25
9,EG20
29,EG20
9,EG27
15,EG28
9,ESl10
9,ESl30
6,GLC2
9,GLC3
9,GLC4
9,GLC6
9,GLC7
18,GLC9
25,GLC11
6,GLC12
9,GLC13
6,GLC13
6,IGB10
16,IGB40
6,IGB40
26,IGB45
6,IGB50
16,IrC51
6,IrC51
3,IrC54
3,IrC55
23,IrC56
23,IrC60
18,IrC67
18,IrC73
5,IrC76
9,IrC77
15,IrC79
5,IrC79
15,IrC81
15,IrC86
6,IrC95
18,LGs10
6,LM2
9,LM9
9,LM10
3,LM11
18,LM11
15,LM15
9,LM17
9,LM20
9,LM22
9,LM25
9,LM26
9,LM29
9,LM38.
21,LM100
26,LM110
9,MoB10
6,PSl10
9,S5
9,S6
18,S10
9,S12
9,S14
15,S14
5,S15
15,S17
9,S21
25,S25
21,ThD50
9,WW30
9,WW41
9,WW42
9,WW43
9,WW44
18,WW45
23,WW47
9,WW54
8,WW60
8,WW61
9,WW63
9,WW64
26,WW65
9,WW66
18,WW67
9,WW73
23,WW80
9,WW82
6,WW84
15,WW85
21,WW87
9,ACa40
13,ACa50
9,ACa60
6,ACa60
9,AM15
15,AM16
9,AM18
9,AM21
3,AM23
9,AM27
15,AM31
25,AM36
3,ASR15
16,ASR40
1,ASR65
19,EBS02
19,EBS03
3,EBS30
3,EBS50
3,EBS60
3,EBS90
6,FC1
6,FC3
25,FC15
25,FC17
6,FC21
9,FC22
9,FC23
6,FC24 
18,FC25
15,FC25
25,FC26
18,FC27
3,FC27
16,FC34
25,FC35
18,FC35
9,FC36
6,FC38
15,FC38
6,FC40
25,FC101
9,GMy20
18,Gmy25
26,Gmy35
9,GMy45
1,GuB10
3,HH9
1,HH12
9,HH13
9,HH14
6,HH15
6,HH21
3,HH22
6,HH23
6,HH25
6,HH27
21,HH28
27,HH28
15,HH29
25,HH30
23,HH30
6,HH31
18,HH31
6,HH34
18,HH34
25,HH35
23,HH36
3,HH37
23,HH41
23,HH42
9,LlB21
15,LlB35
15,LlB36
15,LlB50
9,LlB53
21,LlB57
6,LlB57
1,LlB61
23,LlB62
9,LlB64
5,LlB67
9,LlB68
26,LlB68
18,LlB83
5,LlB85
15,LlB85
25,LlB90
15,LlB95
5,LlB95
6,LlB97
15,LlB100
6,LlB100
9,MlW5
15,MlW10
6,MSC10
6,RlW10
9,RlW10
21,RlW10
25,RlW10
16,RVL6
3,RVL10
25,RVL14
21,RVL16
5,RVL17
9,RVL25
13,RVL28
3,RVL32
23,RyT40
21,RyT55
9,VsP10
9,WlD5
18,WlD5
18,WlD6
18,WlD7
18,WlD8
18,WlD15
21,WlD18
21,WlD19
18,WlD20
25,WlD24
25,WlD25
21,WlD29
3,WlD34
5,WlD35
13,WlD36
9,WlD39
18,WlD43
9,WlD45
18,WlD49
25,WlD49
1,WlD51
18,WlD51
21,WlD53
28,WlD54
9,WlD58
9,WlD61
5,WlD65
15,WlD65
15,Z5510
15,Z5512
9,ByH5
25,ByH8
3,ByH10
3,ByH12
25,ByH13
3,ByH15
18,ByH15
25,ByH26
6,CBm10
6,CBm11
6,CBm60
15,DaB3
25,DaB4
18,DaB8
18,DaB9
15,DaB11
15,DaB13
6,DaB17
15,DaB21
6,DaB23
15,DaB28
15,DaB29
15,DaB30
15,DaB31
15,DaB32
15,DaB33
6,DAz5
9,DAz6
18,DAz21
9,DAz23
18,DAz35
15,DAz35
8,DMD25
9,DMD35
3,DMD40
3,DMD50
9,DzV60
6,FTu7
6,FTu10
18,FTu15
6,FTu15
15,FTu19
15,FTu20
6,FTu20
15,Ftu23
21,Ftu25
6,FTu40
9,FTu50
1,FTu50
18,FTu60
6,FTu60
9,HDA6
6,HDA7
9,HoB25
16,HoB50
6,HoB50
16,JTg4
6,JTg4
3,JTg5
16,JTg7
6,JTg7
3,JTg13
9,LoM2
9,LoM6
9,LoM10
1,LoM20
23,LwS90
16,LwS130
6,LwS130
9,LwS166
9,LwS180
15,LwS190
26,MLR4
6,MLR6
9,MLR6
9,MLR7
9,MLR8
9,MLR12
15,MLR14
9,MLR16
9,MLR17
3,MLR18
18,MLR22
9,MLR23
9,MLR27
8,MLR29
1,MLR29
18,MLR30
9,MLR31
25,MLR35
5,MLR39
15,MLR40
18,MLR42
29,MLR43
13,MLR43
21,MLR43
3,MLR50
9,MLR50
15,RFl3
9,RFl5
9,RFl30
9,RFl33
3,RFl75
21,RFl100
21,RFl101
21,RFl102
21,RFl103
21,RFl104
15,REn6
9,REn18
6,REn20
15,REn30
25,REn32
9,REn45
9,REn50
23,REn53
5,REn55
9,REn60
18,RWa10
18,RWa12
18,RWa50
18,RWa65
6,RWa72
16,RWa72
3,RWa90
9,RZL15
15,RZL17
6,RZL19
15,RZL20
5,RZL20
9,RZL22
15,RZL24
15,RZL25
9,RZL26
15,RZL28
9,RZL31
15,RZL37
15,RZL39
6,TeW10
6,TeW15
5,VrS24
9,VrS24
6,VrS25
9,VrS25
9,VrS28
8,WRu10
18,WLa14
18,WLa18
25,WLa19
18,WLa24
15,WLa24
15,WLa27
15,WLa29
6,WLa29
6,WLa38
15,WLa41
15,WLa42
6,WLa43
15,WLa45
6,WLa50
9,YOz7
9,YOz8
9,YOz9
6,YOz10
9,YOz11
9,YOz12
9,YOz15
9,YOz20
9,YOz22
9,YOz75
6,AA13
6,AA29
21,AA37
6,AA38
9,AA41
3,FeF12
6,FeF8
15,FeF8
13,FeF85
9,GRv10
21,GzB1
16,HLa35
6,HLa35
16,HLaD55
6,HLaD55
16,HLa60
6,HLa60
16,HLa65
6,HLa65
16,HLa75
6,HLa75
3,HMR10
6,IvM10
30,LB1
31,LB2
9,LB6
9,LB12
9,LB14
9,LB18
9,LB19
25,LB25
18,LB26
9,LB28
9,LB30
9,LB32
25,LB32
6,LB33
6,LB34
6,LeJ8
27,LeJ8
6,LeJ10
6,LeJ12
3,LeL20
18,LuH8
25,LuH10
3,NT20
3,NT30
15,NT31
15,NT32
6,NT36
15,NT36
9,NT40
15,NT44
6,NT45
6,NT50
9,NT55
9,NT60
8,NT60
15,NT70
5,NT75
8,NT92
18,NT94
15,NT95
18,NT105
6,NT110
6,NT120
6,NT121
15,NT127
15,NT128
3,RTh3
6,RTh4
3,RTh5
3,RTh6
23,RTh8
9,RTh11
6,RTh12
9,RTh12
6,RTh15
15,RTh23
5,RTh27
15,RTh27
5,RTh30
9,RTh35
25,RTh37
25,RTh40
15,RTh42
18,RTh42
3,RTh52
9,RTh53
15,RTh58
9,TG8
25,TG11
6,TG15
6,TG19
21,TG19
6,TG20
18,TG20
18,TG21
18,TG22
6,TG27
6,TG30
15,TG32
25,TG39
6,WaF10
21,WaF15
15,WaF20
3,WaF25
6,WaF40
6,WaF48
9,WD1
25,WD2
25,WD101
4,WD101
25,WD102
25,WD103
4,WD103
4,WD105
25,WD105
9,AD10
25,AD20
25,AD30
1,AD40
9,BVi5
9,BVi12
5,BVi20
9,CJu10
9,DGz10
3,FRJ30
15,GgA9
15,HPo10
9,ICr2
9,ICr4
23,ICr6
9,ICr7
9,ICr10
9,ICr15
9,ICr16
9,ICr19
9,ICr24
6,ICr25
15,ICr25
9,ICr27
18,ICr28
18,ICr30
9,ICr30
25,ICr36
18,ICr36
18,ICr38
21,ICr40
9,IFD25
9,JdL10
9,JdL12
9,JGr5
9,JGr15
9,JGr18
21,JGr23
9,JGr30
6,JS1
15,JS42
9,LiB1
21,LiB2
15,LMC6
6,LMC9
6,LMC12
23,LMC12
9,LMC14
6,LMC15
18,LMC16
15,LMC19
18,LMC23
25,LMC24
15,LuR8
15,LuR10
5,MkD10
5,MkD11
5,MkD12
21,NoL26
3,NoL30
13,NoL36
9,PJ7
9,PJ12
15,RdR10
6,RdR30
21,RdR32
6,RdR37
9,RdR37
9,RdR40
6,RdR44
9,RdR44
3,RdR46
15,RdR48
15,RdR52
15,RdR53
15,RdR54
15,RdR56
15,RdR63
6,RdR66
6,RdR68
15,RdR68
5,RdR70
25,RdR76
21,RdR80
9,RdR90
9,RM1
13,RM3
15,RM4
18,RM6
25,RM--
15,RM10
18,RM13
15,RM13
15,RM13
18,ThF11
15,ThF15
6,ThF17
15,ThF17
18,ThF25
6,ThF25
9,TRu10
8,WeK10
15,WTh3
3,WTh10
3,WTh18
3,WTh19
13,WTh23
9,xGa10
15,Z4910
15,Z4911
15,Z4914
15,Z4915
15,Z4917
15,Z4920
9,BDn2
18,BDn7
16,GC1
6,GC3
9,GC4
9,GC7
9,GC8
9,GC9
6,GC10
6,GC11
9,GC11
9,GC13
6,GC14
9,GC15
18,GC17
9,GC19
9,GC21
9,GC22
6,GC23
9,GC26
6,GC30
9,GC31
18,GC33
18,GC36
15,GC39
9,GC40
15,GC41
5,GC44
25,GC45
18,GC47
6,GC47
15,GC48
25,GC52
9,GC54
6,HAA10
18,HAA10
6,HAA15
18,HAA15
3,HHu1
23,HHu2
16,HMF20
6,HMF20
16,HMF22
6,HMF22
16,HMF25
6,HMF25
25,HMF30
15,HoH10
18,HoH12
8,HPC10
9,IB8
21,IB19
13,IB20
21,IB20
9,IB20
9,IB21
21,IB22
27,IB22
25,IB30
21,IB100
21,IB101
21,IB102
21,IB103
21,IB104
21,IB105
21,IB106
21,IB107
21,IB108
21,IB109
21,IB110
21,IB111
21,IB112
21,IB113
1,IB150
25,JC1
25,JC6
9,JC9
6,JC9
9,JC10
9,JC11
6,JPa7
6,JPa8
6,JPa9
6,JPa10
6,JPa12
6,JPa14
25,JVi10
25,JVi10
5,JVi11
9,JVi21
18,JVi23
13,JW2
13,JW4
6,JW4
25,JW6
13,JW9
15,JW11
15,LSw10
8,MdO10
8,MdO30
8,MdO60
8,MdO62
9,MdO70
9,MdO75
18,MdO81
9,MdO81
18,MdO85
9,MdO85
6,MdO87
9,MdO87
25,MdO100
9,MdO105
8,MdO111
9,MdO111
8,MdO115
9,MdO115
18,MdO121
9,MOp4
9,MOp12
9,MOp14
27,MOp15
9,MOp16
18,MOp19
6,MOp19
9,MOp20
9,MOp21
18,MOp22
15,MOp22
15,MSa6
15,MSa7
15,MSa8
9,MSa9
15,MSa10
15,MSa12
15,NGr10
13,NGr20
9,RMi8
9,RM110
23,SGB10
3,SGB30
23,SGB50
1,SGB60
1,SGB75
3,SGB90
3,SGB110
25,SGB120
1,SGB130
9,SlD10
9,Z1110
9,Z1120
15,CWi10
13,ELC195
3,ELC200
9,ETG10
8,ETG10
13,ETG12
9,GeK5
9,GeK10
9,GeK20
21,JNm25
25,JNm30
21,JNm60
21,JNm61
21,JNm62
21,JNm63
21,JNm64
21,JNm65
21,JNm66
21,JNm67
21,JNm68
21,JNm69
6,JuW10
9,JWR7
25,JWR8
9,JWR9
3,JWR9
26,JWR13
25,LHe2
9,LHe4
25,LHe4
16,LHe10
16,LHe30
5,MAl5
9,MAl13
6,MBa27
6,NML1
6,NML2
25,NML4
6,NML5
6,NML7
25,NML7
6,NML20
15,NML21
25,NML22
6,NML23
6,NML24
15,NML24
6,NML31
9,OrL10
9,OsM10
18,StW7
9,StW9
13,StW10
21,WCM2
9,WCM6
21,WCM22
25,WCM32
9,xFl10
9,YAl10
9,EDF10
18,AL10
6,AL11
9,AL12
9,AL13
21,AL21
9,AL22
5,AL26
9,AL27
9,AlH8
18,AlH24
6,AlH30
18,AlH30
8,ARs10
9,CMF1
13,EaK8
9,EaK10
13,EaK30
6,EaK50
6,EaK51
6,EaK60
6,EBz30
6,EBz35
26,EBz46
15,EBz60
9,ElN2
15,ElN5
6,ElN7
21,ElN8
6,ElN10
6,ElN11
16,ElN15
15,ElN20
16,ELM2
25,ELM8
25,ELM15
3,ELM17
6,ELM19
6,ELM21
15,ELM22
23,ELM24
16,ELM26
6,ELM29
25,ELM35
23,ELM35
9,ELu19
25,ELu20
3,ELu30
3,ELu49
16,HBH10
6,HBH10
16,HBH15
6,HBH15
16,HBH20
6,HBH20
16,HBH25
6,HBH25
21,HBH31
15,HBH35
25,HBH45
6,HBH60
3,HBH68
3,HBH70
3,HBH72
9,HBH75
16,HBH90
21,HeE3
9,HeE10
23,HHa3
18,Hha5
9,HHa10
6,HHa10
3,HHa12
25,HHa13
18,HHa15
23,HHa16
5,HHa20
25,HHa21
9,HHa27
9,HHa28
21,HHa31
5,HHa32
3,HHa38
5,HHa39
25,HHa43
25,HHa47
3,HHa50
1,HHa53
23,HHa54
9,HHa56
3,HHa60
23,HHa65
23,HHa72
21,IrP1
25,IrP3
3,IrP15
18,IrP18
18,IrP19
18,IrP21
8,IrP24
21,IrP27
13,KFr1
13,KFr10
1,KuN4
13,KuN5
1,KuN12
3,KuN30
3,KuN33
3,KuN36
3,KuN40
3,KuN42
6,KuN42
9,KuN45
9,KuN46
23,KuN49
13,KuN14
9,LeR5
8,LeR10
9,LeR25
9,MGe5
9,MGe10
9,MGe12
25,MGe50
16,OP8
21,OP8
27,OP8
25,OP10
18,OP10
9,OP13
9,OP14
9,OP14
18,OP15
21,OP17
27,OP18
9,OP20
3,OP23
15,OP24
9,OP26
25,OP28
9,OP30
25,OP31
9,OP31
9,OP32
9,OP40
9,OP44
21,OP50
18,PCz10
9,PCz15
18,PCz20
6,PCz25
18,PCz30
9,PCz30
15,PCz50
15,PCz60
15,PCz65
6,PPr20
5,RoS3
3,RoS6
9,RoS11
9,RoS13
9,RoS15
21,RoS50
21,RoS51
21,RoS52
21,RoS53
21,RoS54
21,RoS55
9,RoS60
25,RoS65
25,RoS68
21,RoS70
25,RoS70
6,RoS80
6,RoS85
3,RoS87
25,RoS90
25,RoS94
6,RoS95
25,RoS98
25,RoS100
25,RoS110
25,RoS112
25,RoS120
18,SLa2
15,SLa3
15,SLa10
6,SLa10
6,SLa22
6,SLa30
9,SLa30
18,StR5
6,StR10
13,VHa10
6,VrM40
6,VrM42
9,WmK14
15,WmK15
15,WmK16
18,WmK18
9,WmK25
25,WmK27
18,WmK28
6,WmK30
9,WmK31
9,xTo10
3,ZK4
3,Zk5
25,ZK7
9,ZK9
9,Z3210
9,BW1
18,BW2
9,BW3
9,BW4
9,BW5
9,BW7
6,BW7
9,BW8
9,BW9
6,BW10
18,BW11
18,BW12
6,BW12
5,BW13
18,BW14
9,BW15
6,BW16
6,BW17
18,BW17
6,BW18
6,BW19
18,BW19
6,BW21
15,BW21
21,BW25
9,BW28
6,BW30
9,CAL15
18,CAL20
21,CAL25
18,CAL35
9,CAL36
6,CAL46
26,CAL46
9,CAL50
1,DeD18
8,DeD30
21,DeD42
23,DeD50
23,DeD60
18,DeD60
23,DeD61
23,DeD62
23,DeD65
23,DeD67
23,DeD70
23,DeD77
23,DeD80
23,DeD83
16,EuF1
6,EuF1
16,EuF10
6,EuF10
16,EuF30
6,EuF30
16,EuF40
6,EuF40
16,EuF50
6,EuF50
16,EuF51
16,EuF53
16,EuF55
16,EuF57
16,EuF59
13,FSt10
6,FSt20
6,FSt22
6,FSt24
6,FSt26
6,FSt28
6,FSt30
6,FSt32
6,FSt34
6,FSt36
6,FSt38
6,FSt40
6,FSt42
6,FSt44
6,FSt46
6,FSt48
6,FSt50
6,FSt52
6,FSt54
6,FSt56
6,FSt58
6,FSt60
6,FSt62
6,FSt64
6,FSt66
6,FSt68
6,FSt70
6,FSt72
6,FSt74
6,GSt1
6,GSt2
6,GSt3
23,GSt3
6,GSt3
15,GSt4
15,GSt5
6,GSt7
18,GSt7
3,GSt8
18,GSt9
9,GSt12
18,GSt13
9,GSt15
23,GSt17
25,GSt18
23,GSt18
8,GSt19
25,GSt20
9,GSt30
6,HRo2
15,HRo2
3,HRo5
6,LlF10
25,MCC12
18,ML6
6,ML6
15,ML9
25,ML10
15,ML12
18,ML13
9,ML18
18,ML21
6,ML21
9,ML30
8,RdB10
9,RdB10
6,RMk10
5,xCm10
3,xCm20
6,ABW40
13,ArL22
9,ArL26
6,ArL28
6,ArL29
13,ArL36
21,ArL39
3,ArL48
3,ArL49
3,ArL50
3,ArL56
3,ArL58
3,ArL60
3,ArL61
9,ChE1
6,ChE2
21,CR10
18,CR12
3,CR14
8,CR15
9,CR16
21,CR17
21,CR18
32,CR20
9,DBr5
21,DBr10
21,DSk32
6,DSk48
18,DSk49
9,DSk54
9,DSk62
9,DSk66
3,DSk67
9,DSk67
9,DSk69
27,EGU1
13,EGU1
13,EGU17
26,EGU18
27,EGU20
27,EGU30
13,EGU40
27,EGU70
15,GAv10
15,GMe10
18,GvM7
18,GvM10
18,GvM12
18,GvM13
18,GvM14
9,HY1
9,HY10
6,HY17
13,HY20
18,HY20
13,LeG23
9,JN2
21,JN3
9,JN7
9,JN9
25,JN12
9,JN13
9,JN15
13,JN16
18,JN21
15,JN23
9,JN25
18,JN31
6,LoS2
9,LoS3
9,LoS10
9,MhR1
5,MhR5
25,MhR10
9,MhR20
6,MPa3
18,MPa3
6,MPa4
9,MPa7
9,PaM10
21,RWB10
9,RWB20
9,RWB32
9,RWB33
5,RWB42
9,RWB45
25,RWB58
13,RWB67
13,RWB73
13,RWB77
21,RWB82
3,ThA10
15,BBe1
15,BBe14
15,BBe17
15,BBe19
15,BBe20
15,BBe21
6,BBe23
15,BBe23
9,BeH2
21,CMA1
3,EdK10
3,EdK15
9,EDm18
13,EDm20
27,EDm22
27,EDm24
9,EDm25
27,EDm26
9,EDm34
23,EDm35
3,EDm37
9,EDm38
9,EDm39
9,EDm40
9,EDm43
23,EDm44
9,EDm46
6,EDm58
13,EDm58
9,GNj1
18,GuE10
6,GuE10
6,GWh10
15,GWh10
25,HRv10
8,HJB50
23,IEn1
23,IEn10
23,IEn20
23,IEn90
23,IEn180
3,IEn220
23,IEn280
13,IEn290
23,IEn300
23,IEn310
23,JKa20
23,JKa47
25,JPt10
16,LoK3
16,LoK9
6,LoK9
3,LoK20
9,LoK30
9,LoK50
6,TWa10
9,xEn10
9,xMe10
9,BDH10
9,BDH30
18,EMv10
1,EMv10
25,FkS10
3,FMD3
6,FMD10
23,FMD20
6,GDo2
6,GDo4
15,GDo18
3,GDo23
23,GDo32
25,GDo37
5,GDo39
9,GDo49
1,GDo49
23,GDo50
5,GDo71
23,GDo74
3,GDo76
26,GDo78
1,GDo79
26,GDo81
9,GDo83
1,GDo92
21,HaF35
18,HCP1
18,HCP4
3,HCP5
5,HCP6
15,HCP6
6,HCP10
8,HCP11
4,HCP11
6,HCP12
6,HCP24
9,HCP25
9,HCP26
18,HCP28
6,HeM20
21,HeM20
6,HeM30
18,HKo6
18,HKo9
18,HKo10
25,HKo17
18,HKo18
6,HKo21
15,HKo22
15,HKo23
6,HKo25
6,HKo24
9,HKo26
28,HKo26
25,HKo29
5,HKo30
6,HKo36
5,HKo39
15,HKo41
6,HKo43
13,LaH10
13,LeS80
23,LeS90
6,LeS100
23,LeS110
9,MC2
9,MC3
9,MC5
25,MC6
18,MC7
25,MC7
9,MC8
18,MC9
6,MC9
27,MC11
25,NF1
16,NF3
16,NF4
16,NF6
16,NF7
16,NF9
6,NF9
16,NF10
16,NF12
16,NF13
6,NF13
16,NF14
6,NF14
9,NF16
3,NF21
3,NF25
9,NF27
23,NF29
16,NF30
9,VtH10
9,VtH23
25,WCl14
25,WCl15
25,WCl16
25,WCl17
25,WCl18
16,WCl19
25,WCl28
25,WCl29
25,WCl30
25,WCl31
6,WlH10
6,xWi1
6,AKi1
6,AKi7
6,AKi25
6,AKi30
6,AKi40
8,AMx5
3,GrR1
18,GrR3
3,GrR4
18,GrR5
6,GrR5
15,GrR6
18,GrR7
15,GrR7
6,GrR10
18,GrR12
5,GrR15
15,GrR15
6,IBt20
6,IBt24
6,IBt38
9,IFa8
18,IFa8
1,IFa17
5,IFa18
1,IFa24
21,IFa25
9,IFa28
9,IFa32
23,IFa34
9,IFa45
9,IFa50
9,JPH1
6,JPH10
25,DvH10
16,GeS15
25,GeS17
9,GeS27
9,GeS29
18,HDc6
26,HDc50
9,JMu3
16,MP2
25,MP4
1,MP6
21,MP6
9,MP8
18,MP11
15,MP15
18,MP17
15,MP19
15,MP25
13,MP35
21,MP35
21,NNo1
9,NNo3
1,NNo4
1,NNo7
1,NNo8
18,NNo11
31,NNo13
9,NNo16
9,RfH10
6,SSS45
15,SSS45
6,SSS58
23,WWn10
23,WWn12
23,WWn30
3,WWn35
3,WWn40
3,WWn80
23,WWn100
23,WWn101
1,WWn170
9,WWn200
26,WWn205
9,WWn220
8,WWn300
9,ChJ12
25,ChJ25
3,ChJ30
9,ChJ36
25,ChJ74
6,EP1
25,FoB30
25,FoB50
3,FoB70
6,GaK4
9,GaK6
9,GaK20
13,GWg16
13,GWg23
6,HIL5
6,HIL25
9,JoL2
18,JoL3
18,JoL4
15,JoL9
15,JoL10
6,LeG5
6,LeG10
6,LeG12
6,LeG14
6,LeG16
6,LeG18
6,LeG20
6,LeG22
6,LeG24
6,LeG33
6,LeG36
13,LeG36
6,LeG40
1,LeG40
18,RBS15
16,WlN10
16,WlN12
3,xLe10
9,xMa10
9,xUc10
15,AnS1
5,AnS1
15,AnS3
5,AnS3
15,AnS33
6,BaS10
15,BaS10
6,ChV2
18,ChV8
6,ChV13
5,ChV15
21,ChV20
9,ChV26
5,ChV35
5,ChV45
18,ChV46
4,DFl10
4,DFl11
5,HeK10
25,HBu30
9,IPC25
6,JqT1
9,JqT1
13,JqT2
13,JqT3
21,JqT4
27,JqT7
21,JqT8
13,JqT14
21,JVK30
6,PGy10
21,PGy16
23,PGy16
9,RRw15
9,RRw20
6,RRw25
6,RRw32
25,RRw32
6,RRw33
15,RRw35
9,RRw37
6,TMo10
6,TMo11
15,ThR10
9,WMG10
1,WMG10
9,Z3910
13,ADT9
23,ADT12
13,ADT18
3,ADT23
9,BHl10
13,CCb10
4,CJo20
6,CJo20
4,CJo30
6,CJo30
4,CJo40
25,CJo40
4,CJo50
25,CJo50
23,FAl10
6,GPa2.
9,IgR2
9,IgR5
18,IgR5
15,IgR14
18,IgR15
6,IgR15
23,IgR19
9,IHw10
21,JHL6
1,JHL12
21,JHL17
9,JnD6
9,JnD10
18,JnD11
9,JnD28
25,JnD31
13,JnD33
26,JnD36
6,LSh1
18,NSm10
9,OW1
9,OW2
8,OW3
5,OW3
9,OW4
5,OW5
9,OW6
9,OW7
9,OW8
21,OW9
27,OW9
9,OW10
9,OW11
18,PLi10
6,PS2
25,PS3
6,PS4
6,PS5
6,PS7
6,PS8
6,PS13
6,PS21
23,PS21
6,PS22
31,TBs2
31,TBs4
31,TBs6
31,TBs8
31,TBs10
31,TBs12
31,TBs14
31,TBs16
31,TBs28
31,TBs40
31,TBs46
31,TBs48
5,TBs50
31,TBs50
31,TBs52
18,xCa10
21,BaD13
6,BaD22
6,BaD26
21,BaD29
21,BaD35
21,BaD39
23,BBo27
4,BSh10
8,ChC2
18,ChC3
8,ChC3
6,ChC4
9,ChC4
21,ChC7
9,ChC12
18,ChC12
6,ChC11
9,ChC16
6,ChC30
9,DBy1
9,DBy2
27,DBy4
13,DBy10
3,DMi10
15,DMi15
6,DMi15
15,DMi25
9,DMi27
6,DMi28
21,DMi30
9,DMi32
23,DMi35
5,DMi45
15,GSy4
3,GSy7
15,GSy9
15,GSy10
15,GSy13
15,GSy17
15,GSy30
15,GSy40
9,IrR6
9,IrR10
5,IrR12
15,IrR12
9,IrR16
9,IrR27
9,IrR30
25,IrR32
9,IrR50
21,IH1
27,IH1
18,IH2
21,IH3
8,IH4
23,IH11
9,IH12
21,IH14
9,IH15
5,IH17
6,IH18
21,IH18
27,IH18
9,IH19
3,IH20
18,IH20
23,IH22
23,IH23
21,IH26
9,IH27
9,IH28
3,IH29
9,IH30
18,IH30
18,IH31
9,IH35
6,IH38
9,IH38
1,IH42
6,IH47
27,IH47
9,IH50
25,KuH10
25,KuH20
25,KuH25
25,KuH29
9,LaC20
9,LaC25
21,LaC35
25,LHo2
5,LHo2
8,PaJ2
9,PaJ2
8,PaJ2
9,PaJ2
9,PaJ5
8,PaJ5
21,PaJ10
8,PaJ12
9,PaJ12
13,PaJ60
6,PaJ60
9,ReC4
9,ReC5
21,RMp13
13,StH3
21,StH5
15,StH13
9,StH15
23,StH18
3,StH20
9,StH23
5,StH30
9,TTz2
3,TTz4
21,TTz6
27,TTz6
16,TTz8
21,TTz9
3,TTz10
9,TTz11
31,TTz20
9,VdS2
9,VdS4
9,VdS5
9,VdS7
9,VdS8
9,VdS13
9,VdS15
6,VdS21
9,VdS24
6,WlM10
3,Z4101
3,Z4102
3,Z4103
5,Z4104
25,ALe4
18,ALe7
23,AnM16
9,AnM17
23,AnM20
23,AnM22
23,AnM24
5,AnM25
15,AnM25
1,AnM27
23,AnM28
15,AnM30
18,AnM30
23,AnM34
23,AnM35
25,AnM37
3,AnM37
25,AnM40
9,ASj15
9,ChF10
6,DL3
18,DL4
9,DL5
18,DL7
3,DL9
8,DL9
18,DL11
3,DL12
3,DL13
25,DL13
9,DL15
9,FZ3
9,FZ8
8,FZ8
9,FZ8
8,FZ8
23,FZ10
9,FZ11
15,FZ13
3,FZ14
9,FZ15
21,FZ19
9,FZ20
8,FZ20ZZ
18,GLa2
21,HGC2
26,HGC3
21,HGC5
21,HGC6
9,HGC14
27,HGC16
21,HGC16
27,HGC17
8,HGC19
3,IRa4
21,IRa5
1,IRa10
1,IRa12
1,IRa14
1,JD7
9,JD8
21,JD10
21,JD12
3,JD12
15,JD12
9,JD14
18,JD15
9,JD16
26,JD17
6,JD17
9,JD25
6,JeY10
6,JeY30
6,JqB5
27,JqB5
18,JqB15
6,JqB15
9,JqB18
18,JqB18
6,JqB20
18,JqB22
21,JqB25
5,JqB28
26,JqB38
6,LAr4
9,LuV1
25,LuV2
6,LuV3
9,LuV20
25,LuV30
9,LuV40
9,LuV50
9,LuV60
5,LuV68
18,LuV80
6,LuV80
26,MiG3
26,MiG5
26,MiG7
26,MiG9
26,MiG11
26,MiG13
26,MiG15
26,MiG17
26,MiG19
26,MiG23
26,MiG29
18,MiG30
18,MiG35
6,MiG45
6,MiG50
3,VSh7
9,VSh9
9,VSh10
9,VSh15
25,VSh23
9,VSh25
9,VSh27
13,WFx10
18,xSe10
9,AkK1
26,AkK9
25,AkK11
9,AkK12
9,AkK13
3,AkK14
21,AkK20
6,AkK20
6,AkK21
21,AkK22
9,AkK23
9,AkK25
9,AkK26
25,AkK27
25,AkK27
25,AkK28
6,AkK29
9,AkK30
15,ChW2
15,ChW3
25,ChW4
15,ChW6
18,ChW6
6,ChW7
25,ChW8
25,ChW12
18,ChW16
15,ChW18
25,ChW22
6,ChW25
6,FLd5
6,FLd7
6,FLd10
6,FLd15
18,FLd18
6,FLd20
6,FLd25
6,FLd27
6,FLd30
6,FLd35
6,FLd37
18,FWx10
9,FWx20
25,FWx30
5,HeL23
25,HeL30
15,HeL33
25,HSc5
25,HSc7
3,HSc15
9,HSh5
9,HSh10
8,HuJ5
8,HuJ10
27,MDr10
21,MRs1
21,MRs2
13,MRs13
1,MRs25
9,MRs26
5,MRs32
18,MRs32
21,MRs36
21,MRs40
6,MRs41
28,MRb43
9,PBi10
3,PHy6
25,PHy12
6,PHy15
9,PHy15
21,PHy20
21,PHy25
25,PHy29
1,PHy31
1,PHy35
13,PHy39
1,PHy39
9,RCl4
18,RCl5
27,RCl5
9,RCl10
25,RCl13
9,RtB3
9,RtB4
9,RtB5
9,RtB6
5,RtB7
8,RtB7
5,RtB8
9,RtB8
9,RtB9
9,RtB11
25,RtB12
9,RtB14
9,SGi3
21,SGi4
21,SGi6
21,SGi8
21,SGi30
25,VGu19
25,VGu23
6,VGu25
16,VGu34
9,VGu36
25,VGu40
15,VM1
15,VM3
15,VM4
18,VM5
15,VM7
9,VM8
6,VM9
15,VM10
9,VM11
15,VM13
5,VM19
9,VM21
15,VM22
6,VM28
15,VM32
31,VM33
13,WiC30
13,WiC50
13,WiC51
13,WiC55
13,WiC60
13,WiC70
25,WiC90
4,WiC90
18,AMs25
21,AMs50
26,ClO10
9,ClO10
9,DSy1
9,EAB8
6,JeD10
13,LAl2
21,LAl4
9,LOl1
9,LOl2
9,LOl3
18,LOl4
31,MAu10
6,PhK4
6,PhK7
15,PhK11
9,Phk40
1,PhK46
1,PhK50
9,RBt6
6,RBt17
13,RLB9
6,RLB10
13,RLB12
13,RLB22
6,RWh8
5,RWh10
15,RWh10
21,RWh15
6,RWh20
21,RWh50
9,RWi1
25,RWi2
13,RWi3
21,RWi4
23,RWi7
9,RWi9
25,RWi13
5,RWi24
1,RWi25
15,RWi28
13,RWi29
15,RWi31
5,RWi33
15,RWi33
25,RWi34
3,RWi36
25,RWi38
13,SNe3
13,SNe8
25,SNe10
25,xPe10
25,xPe20
16,ChD10
18,CoB3
25,CoB15
9,DS5
9,DS6
3,DS8
27,DS8
13,DS13
25,DS13
1,DS23
23,DS28
1,DS32
21,DS33
16,DS36
6,DS38
6,DS40
23,DS49
9,EK1
9,EK2
25,EK3
9,EK4
1,EK5
9,EK6
5,EK7
9,EK9
18,EK10
9,EK11
9,EK12
18,EK14
9,EK15
5,EK15
5,EK18
18,FdC16
18,FdC23
6,GS3
6,GS6
9,GS7
8,GS7
18,GS14
9,InB1
9,InB2
9,InB3
9,InB4
9,InB5
9,InB6
9,InB7
9,InB8
18,InB9
9,InB9
9,InB11
9,InB12
9,InB13
9,InB14
9,InB18
25,InB20
9,InB21
9,InB22
9,InB25
9,InB27
18,InB27
9,InB28
9,InB29
9,InB31
9,InB32
9,InB33
9,InB34
9,InB35
9,InB37
9,InB41
15,IBe4
18,IBe10
25,IBe16
21,MNo10
18,PiG40
9,PiG40
6,PiG50
9,RHa3
6,RHa4
27,RHa4
6,RHa5
6,RHa8
18,RHa9
9,RHa10
9,RRo1
8,RRo5
25,RRo8
5,RRo9
18,RRo12
18,RRo16
9,RRo18
9,RRo20
1,WlB10
3,WlB12
9,WlB14
3,WlB17
25,WlB20
18,WRh10
9,DuN2
18,GLm10
26,HaC10
25,IMo10
6,ISt10
9,ISt11
23,ISt20
23,ISt24
5,ISt24
9,ISt26
1,ISt29
9,ISt30
6,ISt31
3,ISt33
23,ISt38
23,ISt40
18,JLM2
18,JLM3
9,JLM5
18,JLM6
9,JLM6
9,JLM8
9,JLM9
9,JLM10
26,JLM11
9,JLM12
18,JLM13
15,JLM14
9,JLM16
9,JLM17
21,JLM20
3,KeA10
6,KeA19
3,KeA23
21,KeA25
3,KeA31
1,KeA32
3,KeA34
3,KeA36
3,KeA38
3,KeA43
21,MxS12
25,PUs4
9,PUs5
18,PUs6
9,RcF10
3,RcF12
25,RcF20
18,RcF34
6,RiF4
21,RiF10
25,RiF13
5,RiF15
25,RiF18
9,RiF18
5,RiF20
9,RiF21
25,RiF22
25,RiF24
15,RiF25
3,RiF25
25,RiF28
8,RiF28
1,RiF30
25,RiF33
1,RiF35
9,RiF36
18,RiF39
1,RiF48
1,RiF52
1,RiF53
9,RiF53
25,RMo3
6,WGo10
32,WS4
32,WS5
32,WS6
32,WS7
32,WS8
32,WS41
32,WS42
32,WS43
32,WS45
9,AlT10
18,BrW5
3,BrW13
25,BrW16
21,BrW100
21,BrW101
13,BVo10
18,DHa2
18,DHa5
15,DHa7
6,FFH1o
6,GSK1
25,JaH16
3,JaH22
1,LGt19
18,LGt23
31,LGt23
3,LGt25
3,LGt31
3,LGt32
9,LGt33
6,LGt40
15,LGt45
6,LGt45
9,NR1
9,NR2
9,NR2
9,NR4
21,NR5
27,NR7
23,NR8
23,NR10
9,NR11
27,NR14
5,NR19
9,NR20
6,RoN3
5,RoN5
9,RoN9
18,RoN16
9,RoN17
1,RoN18
25,RoN28
3,RoN30
6,RoN32
9,RoR1
5,RoR2
25,RoR5
5,RoR5
18,RoR6
9,RoR8
9,RoR10
9,GdS2
9,JPM5
21,JPM10
13,TFi8
13,TFi9
21,TFi10
13,TFi12
13,TFi15
13,TFi20
13,TFi24
13,TFi25
13,TFi30
13,TFi33
13,TFi35
13,TFi40
21,APo10
13,APo40
23,APo43
9,BeK10
6,CTB10
6,CTB15
6,CTB16
3,CTB25
9,GoP12
6,HCs1
6,HCs3
5,HCs4
9,IGg10
26,IGg10
9,JLo4
21,JLo4
21,JLo11
26,JLo17
18,JLo25
15,JLo27
9,JLo30
6,JPL10
18,JqA10
6,LCs10
3,LRF15
9,LRF20
6,RaT1
6,RaT9
1,RaT9
6,RaT16
6,RaT30
6,RaT42
6,RaT46
21,RdM8
27,RdM10
16,RdM10
9,RdM18
18,RdM20
25,RdM30
1,SIC10
9,TYg8
31,TYg12
3,TYg17
3,TYg18
3,TYg20
6,TYg21
9,TYg25
21,TYg40
15,WAr40
9,WAr42
15,WAr44
15,WAr46
6,WAr50
15,WAr54
6,xAb1
6,JiA1
28,JiA1
6,JiA5
6,JiA7
6,JiA9
6,JiA10
1,JiA15
6,JiA15
1,JiA18
6,JiA18
9,xFa10
18,xHu10
27,ACy10
9,ACy14
18,ACy16
9,ACy20
3,ACy20
18,ACy22
18,ACy26
18,ACy29
18,ACy32
18,ACy34
9,ACy38
18,AlL2
18,AlL3
6,CLB10
6,CLB20
15,CLB20
25,FBr50
25,FBr60
9,FlM1
9,FlM3
21,FlM3
13,GFr35
15,GKe1
15,GKe2
9,GKe6
6,GKe7
15,GKe8
23,GKe9
9,HKl17
21,HKl23
18,HKl30
18,HKl40
3,IGu15
3,IGu18
3,IGu21
1,IGu26
28,IGu28
3,IGu29
21,IGu31
13,IvB10
6,JT1
6,JT2
6,JT3
6,JT4
6,JT5
3,LLa5
3,LLa10
3,LSm10
3,LSm13
3,LSm17
26,MCg10
21,SaF13
21,SaF19
9,SaF20
6,SM1
6,SM3
8,SM4
26,SM6
6,SM6
9,SM7
15,StD4
15,StD7
5,StD24
15,StD24
6,StD27
15,StD33
15,StD35
18,StD41
6,StD41
9,StD42
6,StD45
18,StD45
6,StD51
21,StD51
6,StD61
18,StD62
6,StD72
25,WlJ12
25,WlJ14
9,FF1
9,FF2
9,FF3
9,FF4
9,FF5
9,FF6
9,FF7
9,FF9
9,FF10
25,FF12
9,FF13
25,FF14
8,FF14
9,FF15
6,FF15
6,FF18
5,FF18
9,FF23
9,FF30
9,FF40
9,FF50
5,FF50
25,GoG10
9,HFr20
25,HFr30
23,HFr50
13,HLF10
5,HLF10
9,HyC10
9,HyC10
18,HyC10
9,IdL1
9,IdL2
9,IdL3
18,IdL3
21,IdL10
21,IdL11
25,JDh5
9,JLT12
9,JLT15
21,JLT19
9,JLT21
9,JLT24
25,JLT27
3,JLT29
21,JLT32
5,JLT34
6,JLT35
9,JLT39
3,JLT50
3,JLT50
26,JoP2
18,JoP20
5,JoP25
18,JoP28
21,JoP40
21,JoP41
21,JoP42
21,JoP43
21,JoP44
3,JoP50
9,MA2
9,MA3
9,MA4
18,MA5
21,MA6
9,MA8
5,MFr2
6,MFr5
6,MFr16
9,MFr33
6,MFr33
25,MiA6
25,MiA7
3,MiA8
21,MiA11
9,MiA18
9,MiA21
13,MiA25
21,RcB1
9,RcB3
9,RcB5
9,RcB8
9,RcB12
9,RcB13
9,RcB14
9,RcB15
23,RcB17
9,RcB18
18,RcB30
1,RcB40
32,RPo10
13,RSB5
9,ShI50
9,ShI52
18,xdH10
21,Z5020
9,Z5020
8,AR2
9,AR4
25,AR5
27,AR6
27,AR8
27,AR10
21,CrR10
13,CSi6
13,CSi10
3,CyE10
25,CyE30
9,CyE40
6,DoW10
6,DoW15
21,DoW50
21,DoW51
21,DoW80
21,DoW81
21,DoW82
25,DoW95
25,DoW97
6,DoW120
13,DoW120
6,DoW130
23,EBe5
6,EBe5
6,EBe7
1,EBe10
6,EBe30
6,EBe32
9,GHo10
9,HgH10
9,HKr30
25,LBu1
18,MZa5
6,MZa10
6,MZa15
18,MZa20
18,MZa23
18,MZa25
18,MZa30
18,MZa35
21,PaH50
21,PaH51
21,PaH52
21,PaH53
21,PaH54
21,PaH55
26,PaH60
26,PaH61
21,PaH106
21,PaH107
21,PaH108
21,PaH109
21,PaH110
21,PaH111
21,PaH112
21,PaH113
21,PaH114
21,PaH115
21,PaH116
21,PaH117
21,PaH118
21,PaH119
21,PaH120
21,PaH121
21,PaH122
21,PaH123
21,PaH124
21,PaH125
21,PaH126
21,PaH127
21,PaH128
9,PaH215
9,PLo10
9,RCv10
21,RPa10
9,RPa15
15,RiQ6
6,RiQ15
6,RiQ23
8,RiQ29
6,RiQ30
6,RiQ35
15,RrS5
6,RrS10
8,RSn10
8,RSn100
15,BF6
5,BF6
5,BF7
15,BF8
9,BF9
5,BF9
25,CMk40
8,CMk40
25,CMk50
5,CMk50
25,CNy1
25,CNy15
5,DaM3
9,DaM3
18,DaM4
9,DaM4
9,DaM6
25,DaM7
6,DaM15
26,DaM15
9,DaM30
6,DaM35
25,EMr10
18,EMr10
25,EMr13
18,EMr13
25,EMr15
18,EMr15
4,FrQ10
6,FrT5
6,FrT7
6,FrT10
6,FrT13
15,FrT13
6,FrT16
6,FrT20
15,FrT22
6,FrT23
6,FrT25
6,FrT30
6,FrT32
9,GH3
6,GH8
3,GH12
3,GH15
3,GH16
3,GH17
3,GH25
16,GH30
9,HaB1
5,HaB3
9,HaB5
9,HaB7
21,HaB9
9,HaB15
9,HaB20
9,HaB24
9,HaB27
9,HaB28
9,HaB35
21,HHo3
21,HHo5
1,HHo10
9,JHo20
9,JHo24
21,JHo40
25,KHu18
6,KHu18
25,KHu19
18,KHu21
31,KHu21
9,KHu22
15,LeK10
9,LGB10
8,LGB10
18,MuB5
25,NJu9
1,NJu10
25,NJu12
6,PeB1
15,PeB1
15,PeB2
9,PeB3
9,PeB4
9,PeB6
25,PeB10
21,PhL100
9,WHW10
21,WTy10
9,xSc10
9,ADx2
9,ADx3
9,ADx4
9,ADx5
9,ADx10
9,ADx11
9,ADx12
9,ADx13
9,ADx14
5,ADx20
8,ADx25
9,ADx30
18,ADx37
15,ADx39
9,ADx45
9,ALv10
21,ALv100
21,ALv101
25,ASu10
25,AtH10
6,CFr10
9,CFr10
21,DkP3
21,DkP4
18,DKu1
9,DKu5
18,DKu10
9,EDW10
9,EDW13
13,EDW14
25,EDW22
13,EDW26
13,EDW30
25,EuL10
25,EuL20
25,EuL30
9,FFe10
1,HEs10
3,HoC10
25,JA5
25,JA13
13,JA15
25,JA20
3,JA30
6,JA35
3,JHi7
9,JIv6
15,JIv8
9,JIv10
25,JIv11
9,JIv15
9,JIv21
9,JIv28
9,JIv30
9,JIv33
18,JIv35
9,JIv37
9,JIv40
9,JIv42
9,JIv42
5,JIv45
5,JIv47
9,JIv51
9,KaS20
3,LgC20
9,LgC30
15,LgC30
9,LiA10
9,LiA20
9,LiA30
9,MCy2
9,MCy3
9,MCy5
1,MCy8
9,MCy10
9,MCy11
4,NLr10
21,NuJ1
6,NuJ3
9,NuJ4
9,NuJ6
18,NuJ7
3,RDW2
16,RDW7
15,RDW10
23,RoA4
9,RoA4
26,RoA5
9,RoA7
1,RoA11
25,RoA22
9,RoA25
13,RoA25
3,RoA26
1,RoA28
9,RoA32
1,RoA41
23,RoA45
9,RoA48
9,RoA57
6,RoA64
23,RoA68
6,RoA68
6,RoA70
18,SSn1
5,SSn2
21,StK2
21,StK3
9,StK4
25,StK5
9,StK6
27,StK7
25,StK8
25,StK9
3,StK10
13,StK15
1,StK20
18,StK21
13,VeS30
25,WoR20
9,WoR25
9,AMa10
9,AMa50
25,AMa56
6,AMa60
25,AMa61
9,AWj5
9,AWj7
9,AWj10
18,AWj13
9,AWj15
9,AWj16
9,AWj22
18,AWj23
9,AWj29
9,AWj31
18,AWj33
9,AWj37
8,AWj38
18,AWj43
9,GGr18
9,GSc1
9,GSc2
5,GSc3
25,GSc4
5,GSc5
9,GSc6
9,GSc8
5,GSc10
31,GSc14
9,GSc17
5,GSc18
9,GSc19
25,HLS10
1,HoK5
13,HoK10
6,HoK12
1,IIl10
8,JAl10
4,JAl10
4,JAl20
3,JJu10
26,JWe1
9,JWe3
26,JWe6
26,JWe12
9,KoI10
5,LaB10
21,LaB30
21,LaB31
9,LNm10
25,LNm14
9,LNm14
9,NKo15
9,NKo25
25,NKo25
9,PeG4
18,PeG6
1,PtF5
1,PtF10
9,SR1
9,SR15
9,SR20
9,SR25
9,SR30
9,SR35
9,SR36
9,SR37
9,SR39
9,SR40
9,SR45
9,SR50
9,SR55
9,SR60
9,SR65
9,SR80
9,TKg10
18,TKg10
25,ToT10
25,xTu10
18,YvR3
21,YvR6
18,YvR10
33,AS18
6,ABl10
25,BE1
25,BE2
25,BE3
18,BE4
6,BE4
25,BE5
6,BE6
6,BE7
6,BE8
21,BE9
6,BE10
9,BE10
6,BE11
6,BE12
3,BE13
6,BE13
25,BE14
25,BE15
6,BE16
25,BE17
25,BE18
25,BE19
6,BE21
6,BE22
6,BE23
31,BE24
6,BE25
15,BE26
6,BE27
6,BE28
6,BE29
25,BE30
25,BE31
25,BE32
25,BE33
25,BE34
25,BE35
6,BE36
25,BE37
6,BE38
6,BE39
13,BVS10
9,CL1
13,CL1
9,ClS22
18,ClS25
18,ClS28
18,ClS40
18,ClS45
9,CoW3
9,CoW5
3,CSG10
9,DeM1
9,DeM4
6,DeM8
18,DeM10
9,DeM17
21,DM100
21,DM101
3,DM200
3,DM230
25,GFj10
6,GFj15
13,GFj15
9,GTz3
9,GTz10
6,HeH10
25,HeH12
4,HLu10
18,HWo1
25,InA10
3,InA28
3,InA30
13,IPa10
25,IPa10
9,JCn1
21,JCn3
16,JCn6
25,JCn20
21,JuA100
21,JuA101
21,JuA102
21,JuA103
21,JuA104
21,JuA105
21,JuA106
21,JuA107
6,MvS1
5,MvS2
18,MvS3
6,MvS3
5,MvS4
15,MvS4
18,MvS4
6,MvS6
6,MvS10
18,MvS12
6,MvS12
6,NPa3
6,NPa20
9,NPS10
9,NPS15
9,NPS20
9,NPS25
18,PhD2
18,PhD5
15,PhD9
5,PSv8
9,PSv12
9,PSv13
9,RAl1
5,RAl5
21,RAl20
21,RAl21
9,RAl50
25,RAl50
9,RAl55
6,RAl56
25,RAl62
6,RAl68
9,RAl69
21,RAl70
9,RAl71
6,RAl72
15,RAl73
23,RAl74
25,RAl75
6,RAl76
25,RAl87
5,RAl88
5,RAl90
27,RAl93
27,RAl95
6,RAl98
9,RAl101
6,RAl104
21,RAl106
25,RbG10
3,RCo3
25,RCo4
25,RCo11
1,RCo14
1,RCo15
13,RCo23
13,RCo24
6,RCo24
13,RCo26
13,RCo27
13,RCo30
13,RCo32
13,RCo34
25,RCo35
25,RCo36
25,RCo37
13,RCo38
13,RCo41
13,RCo43
1,RCo44
13,RCo47
13,RCo48
31,RCo60
13,RCo70
23,RMl1
21,RSt100
21,RSt101
21,RSt102
21,RSt103
21,RSt104
21,RSt105
21,RSt106
21,RSt107
21,RSt108
21,RSt109
21,RSt110
21,RSt111
21,RSt112
21,RSt113
21,RSt114
21,RSt115
21,RSt116
21,RSt117
21,RSt118
21,RSt319
21,RSt320
21,RSt321
21,RSt322
21,RSt323
21,RSt324
21,RSt325
21,RSt326
21,RSt327
21,RSt328
21,RSt329
21,RSt330
21,RSt331
21,RSt332
21,RSt333
21,RSt334
21,RSt335
21,RSt336
21,RSt337
21,RSt338
21,RSt339
21,RSt340
8,RSt340
21,RSt341
21,RSt342
21,RSt343
21,RSt344
21,RSt440
21,RSt441
21,RSt442
25,RSt445
21,RSt445
21,RSt446
3,SK2
9,SK3
25,SK5
9,SK6
6,SK8
9,SK12
3,SK22
21,SK26
8,SuH1
8,SuH2
8,SuH10
9,ToG6
21,ToG15
5,ToG22
15,VDa10
25,VDa10
18,WiF10
6,WiF10
1,ABd
13,ABd4
9,AVL2
9,AVL7
23,AVL9
23,AVL10
23,AVL11
1,AVL13
3,AVL30
3,AVL35
6,CD8
13,CD20
6,CD22
25,CD28
3,CD29
25,DMG2
21,FCk1
21,FCk2
9,FiC1
9,FiC11
5,FiC20
31,FrE10
3,FrL10
25,GeP10
16,GeP15
16,GeP15
16,GeP18
16,GeP25
23,GeP40
21,HeD100
21,HeD101
21,HeD102
21,HeD103
21,HeD104
21,HeD105
21,HeD106
21,HeD107
21,HeD108
21,HeD109
21,HeD110
21,HeD111
21,HeD112
21,HeD113
21,HeD114
21,HeD115
21,HeD116
21,HeD117
21,HeD118
21,HeD119
21,HeD120
21,HeD121
21,HeD122
21,HeD123
21,HeD124
21,HeD125
21,HeD126
21,HeD127
21,HuC7
21,IML100
21,IML101
21,IML102
9,JAn1
21,JNs100
21,JNs101
21,JNs102
21,JNs103
21,JNs104
21,JNs105
21,JNs106
21,JNs107
21,JNs108
21,JNs109
21,JNs110
21,JNs111
21,JNs112
18,JNs210
21,JqR17
9,JqR20
9,JqR23
6,JqR25
18,JqR25
9,JqR50
9,JqR55
21,JuB100
21,JuB101
21,JuB102
21,JuB103
21,JuB104
26,LMa2
6,LMa4
18,LMa5
6,LMa10
18,LMa18
9,LMa21
6,LMa23
6,LMa24
9,LMa30
6,LMa35
9,LMa37
9,LMa40
13,MFe10
6,MFe25
31,MFe40
6,MR3
18,MR4
9,MR4
9,MR7
23,MR9
21,MR11
23,MR12
9,MR13
8,MR14
8,MR15
9,MR15
6,MR17
18,MR17
6,MR19
9,MR19
9,MR21
18,MR25
5,MR29
9,MR30
5,MR30
18,MR34
25,NAC10
15,RoL10
31,RoV1
9,RoV2
9,RoV3
18,RoV5
18,RoV7
25,RoV10
13,RoV13
18,RoV15
31,TPo12
31,TPo16
1,TPo21
18,Z5110
18,Z5115
31,Z5115
15,Z5620
23,Z5630
21,ArH101
21,ArH102
21,ArH103
21,ArH104
21,ArH105
25,ArH105
21,ArH106
21,ArH107
21,ArH108
21,ArH109
21,ArH110
21,ArH111
21,ArH112
21,ArH113
21,ArH114
21,ArH115
18,ArH115
21,ArH116
21,ArH117
21,ArH118
9,ArH204
6,ArH205
9,ArH205
6,ArH207
6,ArH210
13,ArH210
1,ArH215
6,ArH215
6,ArH216
9,ArH217
9,ArH218
18,ArH220
6,ArH227
6,ArH230
5,ArH236
6,ArH240
6,AuJ10
9,BbB3
21,DTa100
21,DTa101
21,DTa102
21,DTa103
21,DTa104
21,DTa105
21,DTa106
18,DTa150
23,DTa210
3,DTa211
13,DTa212
25,DTa215
9,DTa220
9,DTa221
9,DTa222
21,EMo5
6,EMo17
13,EMo17
6,EMo20
6,EMo25
6,EMo40
13,FMe10
13,FMe12
9,FrR17
15,FrR20
6,GTh10
6,GTh12
6,GTh14
6,GTh16
6,GTh18
6,GTh20
6,GTh22
25,GTh23
6,GTh24
6,GTh26
6,GTh28
6,GTh30
6,GTh32
6,GTh36
6,GTh37
6,GTh38
6,GTh40
6,GTh42
6,GTh44
6,GTh46
6,GTh48
6,GTh50
6,GTh52
6,GTh54
6,GTh55
6,GTh56
6,GTh57
6,GTh58
6,GTh60
6,GTh62
21,IFr4
9,IFr5
21,IFr6
1,IFr7
25,IFr8
13,IFr8
3,IFr12
9,IFr14
1,IFr19
25,IFr25
1,IFr30
1,IFr35
1,IFr40
21,IFr52
13,InH2
25,InH8
25,InH15
25,InH18
25,InH20
25,InH25
9,JBC14
31,JBC27
3,JBC55
21,MiW12
6,MiW12
1,MiW20
23,MiW21
1,MiW22
21,MiW30
6,MiW43
6,MRe7
9,MWe10
9,MWe12
9,MWe15
13,PLd10
9,RuB10
6,RDa1
25,RDa3
6,RDa5
3,RDa6
3,RDa9
3,RDa10
3,RDa11
3,RDa12
3,RDa14
25,RDa22
25,RDa23
6,RDa25
5,RMu5
9,RMu6
9,RMu7
9,RMu25
6,RMu37
9,RMu41
18,RMu46
18,RMu50
9,SJF9
5,SJF17
9,SJF17
1,SJF19
5,SJF20
13,SJF22
9,SL1
18,SL3
9,SL5
9,SL7
9,SL10
6,SL14
9,SL15
21,SL19
5,SL20
1,SL20
21,SL21
9,SL22
8,SL33
8,SL35
13,SL39
8,SL39
9,SL44
9,SL49
9,SL50
18,SL53
21,SL56
9,SL59
6,SL60
9,SL62
3,SS01
9,SS02
9,SS03
25,SS04
21,SS2
25,SS4
3,SS5
21,SS6
25,SS7
6,SS8
3,SS9
25,SS10
25,SS11
9,SS13
3,SS18
3,SS19
25,SS20
25,SS21
25,SS24
9,SS26
8,SS26
19,SS32
8,SS33
9,SS34
21,SSi115
15,WPr10
9,xMb10
13,ACt8
25,ACt10
15,AlR1
5,AlR1
5,AN10
25,AnQ10
23,ArP1
9,ArP4
26,ArP5
23,ArP10
16,ArP15
23,ArP16
5,ArP18
1,AtR10
21,BoS50
21,BoS61
21,BoS62
1,BoS70
25,BoS75
9,BoS80
21,ClC8
9,ClC20
21,ClC21
21,ClC24
9,ClC24
9,ClC35
21,ClC45
9,ClC49
5,ClC50
9,ClC57
21,DLR3
21,DLR4
9,DLR5
21,DVs1
6,DvS3
15,DvS10
9,FT1
9,FT2
21,FT3
9,FT4
18,FT6
9,FT7
21,FT8
18,FT9
9,FT10
27,FT10
8,FT11
18,FT12
18,FT13
6,FT14
6,FT15
5,FT16
18,FT18
9,FT20
9,FT21
18,FT22
9,FT24
18,FT28
27,FT30
21,IGi10
9,IGi20
13,IGi25
13,IGi30
21,IrE1
5,IrK2
6,IrK7
3,IrK15
1,IrK25
1,IrK27
21,IrL10
25,IvY10
13,IvY10
5,JCa4
6,JCa7
6,JCa9
9,JCv10
1,JCv16
9,JFe10
6,JFe20
6,KRz14
18,KRz14
9,KRz25
9,KRz32
1,KRz32
9,KuF9
9,KuF10
25,LFo10
8,MBc10
15,MdC10
15,MdC16
18,MPi23
18,MPi40
26,MPi20
9,MPi45
5,MPi50
21,NLl93
21,NLl94
21,NLl95
21,NLl96
25,NLl97
21,NLl97
21,NLl98
21,NLl99
21,NLl100
21,NLl101
21,NLl102
21,NLl103
21,NLl104
21,NLl105
21,NLl106
21,NLl107
21,NLl108
21,NLl109
21,NLl110
21,NLl111
21,NLl112
21,NLl113
21,NLl114
21,NLl115
25,RCu10
25,RCu12
13,SHa7
3,SHa10
18,SHa10
21,SHo2
21,SHo4
21,WWh50
3,WWh80
9,AnT2
9,AnT4
9,AnT9
9,AnT12
9,BeW4
9,BeW10
9,BeW12
3,ChH3
21,ChH10
9,DiD10
13,DoS8
13,DoS9
13,DoS12
9,DPt2
6,DPt6
25,DPt16
25,DPt17
9,DPt19
1,DPt21
18,DPt23
15,DPt23
1,DPt33
18,DPt35
18,DPt36
6,DPt37
6,DPt39
6,DPt41
6,DPt42
25,DPt42
18,ERr20
18,ERr22
9,ERr30
25,ERr33
18,ERr37
18,ERr40
18,ERr43
18,ERr45
18,ERr47
18,ERr50
18,ERr52
18,ERr55
9,HSr10
21,INw30
21,INw31
21,INw32
21,INw33
26,INw50
9,INw60
3,JLG1
18,JLG4
9,JLG4
9,JLG8
18,JLG9
21,JLG11
18,JLG14
25,JLG15
18,JLG16
6,JLG21
18,JLG22
9,JLG25
9,JLG40
18,JLG45
9,JLG50
6,JLG52
15,JLG55
5,JLG61
9,JLG63
25,JLG65
21,LeH10
21,Leh20
21,Leh21
9,MeF10
21,PlA100
21,PlA101
9,PlA120
21,PlA120
18,PWe2
6,PWe4
18,PWe4
18,PWe6
21,PWe10
5,PWe15
9,PWe15
31,RuM30
6,RuM37
31,RuM37
31,RuM40
21,SRo1
21,SRo2
21,SRo3
21,SRo4
21,SRo5
9,SRo20
26,SRo32
1,SRo35
21,SRo35
5,SRo37
25,SRo37
9,SRo40
9,TRs1
9,TRs3
9,TRs4
9,TRs8
9,TRs12
6,TRs15
1,TRs16
9,TRs17
9,TRs18
1,TRs19
3,TRs22
9,TRs23
25,TRs25
5,TRs28
13,TRs32
9,xDe10
21,ACj110
21,ACj111
21,ACj112
21,ACj113
21,ACj114
21,ACj115
21,ACj116
21,ACj117
21,ACj118
21,ACj119
21,ACj120
21,ACj121
21,ACj122
21,ACj123
21,ACj124
21,ACj125
21,ACj126
21,ACj127
21,ACj128
3,AlZ4
3,AlZ5
9,AlZ25
1,BiK10
25,ClL25
8,DuC10
25,DPo2
25,DPo4
9,DPo6
6,DPo7
27,DPo7
13,DPo15
18,DSm10
8,ECo20
25,FCo10
6,FCo20
21,GeR1
25,GiP20
3,GOu20
9,GOu35
25,GPl10
21,GSj1
21,GSj2
21,HAG1
5,IMx10
9,IS2
9,IS5
13,IS7
9,IS7
9,IS8
9,IS9
18,IS10
6,IS11
9,IS16
13,IS16
18,IS20
18,IS25
6,JL5
6,JL10
6,JL13
6,JL15
18,JqD2
18,JqD3
15,JqD4
15,JqD5
25,JqD7
15,JqD22
6,JqD22
5,JqD28
25,JSq10
25,JWa1
1,JWa2
8,LRg10
1,LSt10
13,MaB1
21,MaB10
13,MaB12
13,MaB15
13,MaB21
13,MaB23
13,MaB28
13,MaB30
25,MBo10
25,MBo11
25,MBo12
25,MBo16
25,MBo16
25,MBo17
21,MeW10
25,MeW30
9,NOs2
9,NOs3
31,NOs30
31,NOs35
25,NOs35
31,PVh9
1,PVh12
1,PVh16
1,PVh17
18,PVh18
1,PVh18
31,PVh19
21,RiD1
8,RtL10
15,RMD10
31,RMD10
6,RRu15
9,RRu20
13,RtP10
3,SiA10
9,StB2
9,StB3
9,StB5
21,AKj10
21,AKj11
21,AKj12
21,AKj13
21,AKj14
21,AKj15
21,AKj16
21,AKj17
21,AKj18
21,AKj19
21,AKj20
21,AKj21
9,AxS10
9,BFo1
9,BFo12
25,BFo13
9,BFo14
8,CBl20
8,CBl25
8,CBl26
8,CBl30
8,CBl32
8,CBl35
8,CBl40
8,CBl60
8,CBl67
8,CBl69
8,CBl70
8,CBl73
8,CBl80
25,ElP10
9,ElP30
9,EOB1
13,FrF26
13,FrF28
13,FrF30
6,FrF30
13,FrF35
13,FrF40
6,FrF40
13,FrF45
6,FrF45
6,GeW3
6,GeW5
13,GnN10
15,GnN14
15,GnN15
21,GoH10
21,GoH50
21,GoH51
21,GoH52
21,GoH53
25,GoH54
9,GxR10
18,GxR10
9,GxR15
6,GxR20
9,HiT15
18,HiT15
8,HiT33
9,HiT35
18,HrC10
13,HrR10
13,HrR12
9,ICs1
8,ICs4
9,ICs4
9,ICs7
9,ICs9
8,ICs12
9,JoQ10
23,MBd10
8,NKp1
8,NKp5
8,NKp10
9,NKp12
9,NKp22
18,NKp22
8,NKp30
18,NKp40
9,PaP2
9,PaP10
25,PaP15
9,PaP19
9,PaP20
25,PaP20
9,PaP25
31,PaP35
6,PdB3
21,PdB6
6,PdB10
6,PEt10
27,PMo1
27,PMo3
27,PMo5
6,PMo12
31,PMo12
34,PMo13
34,PMo15
31,PMo15
18,PMo17
18,PMo19
13,PMo22
31,PMo22
6,PMo24
9,PMo27
31,PMo27
9,PlT1
9,PlT8
9,PlT10
9,PlT40
9,PlT50
5,PlT50
9,PlT60
25,PlT60
21,PtZ10
15,RDL3
6,RDL3
15,RDL5
6,RDL5
6,RDL6
6,RDL7
1,RDL10
6,RDL11
21,RDL11
1,RDL12
3,RDL13
5,RDL13
9,RDL15
23,RDL17
9,RDL18
25,RDL19
25,RDL20
6,RDL24
21,RDL24
6,RMe5
18,RMe5
16,RMe12
18,RMe12
9,RoP2
13,RoP2
13,RoP4
6,RoP4
13,RoP5
9,RoP6
9,RoP7
16,RoP8
13,RoP9
9,RoP10
21,RoP15
27,RoP20
31,RoP20
21,RoP22
25,RoP27
23,SaP2
23,SaP4
9,SaP6
1,SaP11
23,SaP13
1,SaP15
1,SaP20
1,SaP30
8,SCl5
8,SCl10
25,SeL1
3,SeL3
23,SeL20
23,SeL26
23,SeL28
23,SeL30
9,SeL45
1,SeL45
26,SeL55
1,SeL55
13,SlV10
4,WRe10
4,WRe20
4,WRe25
4,WRe35
4,WRe38
4,WRe40
25,AMg7
13,AMg10
21,ARG2
9,Ava3
9,AVa10
8,AVa10
5,AVa12
13,AVo10
9,BB2
9,BB5
9,BB6
18,BB7
25,BB8
9,BB10
5,BB11
9,BB15
9,BB17
18,BtB3
6,BtB3
6,BtB15
31,BtB15
18,BtB25
18,BtB29
18,BtB32
21,BGi10
21,BGi11
21,BGi13
21,BGi14
21,BGi15
21,BGi16
21,BGi17
21,BGi18
21,BGi19
21,BGi20
21,BGi21
3,CJ4
31,CJ6
3,CJ8
25,ElS2
23,ElS4
9,FPy1
9,Fpy7
9,FPy8
6,FPy8
6,FPy10
5,FPy20
9,FPy22
8,FPy30
9,GgE10
9,GlR15
9,GlR20
9,GlR25
9,GRH1
9,GRH2
18,GRH3
9,GRH4
6,GRH5
3,GRH6
6,GRH8
21,GRH8
3,GRH9
6,GRH10
1,GRH10
18,GRH11
9,GRH12
9,GRH20
3,ILb10
31,ILb12
13,HHe1
21,JsL10
13,JsL10
5,JPd10
9,JPd20
31,LFr10
13,LFr10
5,LHM1
3,LHM1
25,LHM3
6,LHM10
15,PY1
26,PY4
26,PY7
21,PY10
9,PY11
25,PY19
21,PY25
18,PY32
18,PY34
9,PY34
26,PY37
9,PY38
13,RD4
25,RD5
9,RD9
1,RD10
15,RD18
1,RD19
1,RD25
9,RD30
1,RD35
6,RD37
23,RD37
21,RD41
1,RD43
5,RoT20
9,RNe1
9,RNe2
25,RNe10
9,RNe15
25,RNe23
21,SP5
21,SP6
25,SP25
9,SP35
3,SP40
1,SP45
9,SP46
6,SP46
21,SP47
9,SP49
9,SP55
6,SP57
18,SP61
3,SP61
5,SP61
9,SP65
21,SP67
21,SP68
13,SP68
9,SP75
9,AMk10
9,ASe10
6,BdY3
6,BdY4
6,BdY5
13,BuT10
13,CuH14
9,CuH20
25,DCh10
31,DCh15
31,DCh25
13,FFC1
15,FFC3
6,FFC3
1,FFC5
21,FFC6
1,FFC7
1,FFC8
6,FFC9
9,FFC10
9,FFC12
9,FFC15
5,FFC20
9,FFC24
1,FFC24
13,FFC26
9,FFC29
25,FJS10
5,FJS13
25,FJS14
3,FJS16
21,FJS18
1,FJS22
9,FJS22
5,FJS22
21,FJS29
15,FJS35
6,GLt2
6,GLt10
21,GLt20
21,HvH10
21,HvH11
21,HvH12
21,HvH13
21,HvH14
13,ILa10
6,ILa15
6,ILa31
6,ILa32
6,ILa33
13,ILa34
6,ILa38
6,ILa40
6,ILa50
6,ILa55
6,ILa62
15,ILa62
21,JaS10
21,JaS11
21,JaS12
21,JaS13
21,JaS13
18,JaS20
6,JaS20
21,JaS38
27,JaS38
3,JaS40
31,JaS42
9,Jas44
1,JaS46
1,JaS48
18,JaS65
6,JGi10
18,JGi10
21,JSn10
6,KgD10
6,LiW8
9,LiW8
9,LiW9
9,LiW10
21,LiW14
9,LiW30
23,NJ5
21,NJ7
6,NJ7
16,NJ8
15,NJ11
1,NJ13
9,NJ20
18,NJ25
6,NJ30
9,NJ34
5,NJ42
6,NMa10
8,PdR10
9,PK3
13,PK5
1,PK6
5,PK7
9,PK15
5,PK20
21,PK22
26,PK22
21,RHd2
21,RtD10
21,RtD11
21,RtD12
21,RtD13
13,RyS10
15,RyS10
13,RyS20
15,SPv10
25,SSe10
25,WHu1
6,WHu7
5,WHu10
21,WHu14
18,WHu14
6,WHu17
18,WHu17
9,WHu27
9,Whu29
6,AaB10
1,AII1
18,AII1
1,AII3
23,BuK3
23,BuK5
6,BuK10
23,BuK10
9,CB14
9,CB15
9,CB18
21,HaM10
21,HaM11
13,HGL6
3,IDk3
31,IDk3
3,IDk6
31,IDk6
31,IDk10
3,IDk30
6,IDk32
31,IDk32
25,IvP20
6,IvP24
5,IvP40
18,JEu15
9,JEu20
27,JEu20
23,JGs6
3,JGs10
9,JGs20
1,JGs20
6,JGs30
1,JGs31
5,JGs40
18,KRu2
13,KRu4
31,KRu4
15,KRu6
5,KRu7
15,KRu8
5,KRu9
15,KRu9
31,KRu9
25,KRu10
5,KRu10
6,KRu22
9,KRu25
9,KRu25
18,KRu28
25,KRu32
18,KRu37
21,LeP10
9,LFa10
9,LHz15
8,LHz20
21,LwT10
9,LwT20
9,LwT30
13,LwT33
3,LwT39
13,LwT43
1,LwT50
8,MAp7
8,MAp14
8,MAp21
5,MAp25
6,MAp27
9,MAp29
8,MAp34
5,MAp39
8,MAp41
9,MAp42
8,MAp43
8,MAp43
21,MAp45
9,MAp47
9,MAp50
26,MAp50
3,MAp51
1,MAp51
8,MAp52
18,MF2
9,MF5
15,MF6
5,MF8
9,MF9
5,MF15
6,MF18
9,MZ1
6,PTw9
23,PTw9
18,RuT30
6,RuT30
18,RuT36
6,RuT36
31,TyN10
6,TyN10
25,UbR10
25,TGA2
6,TGA4
9,TGA8
6,TGA20
6,TGA22
21,WFr10
21,WFr11
21,WFr12
21,WFr13
21,WFr14
6,WFr33
21,WFr35
1,WFr35
13,WFr36
9,WFr38
1,WFr39
6,WFr45
1,WFr60
13,WFr70
1,Z6420
25,Z6420
6,Z6420
21,AlM10
25,AMD3
3,AMD16
21,CCG1
21,CCG3
8,CCG4
9,CCG7
9,CCG8
9,CCG10
21,CCG15
9,CCG24
6,EtS4
18,EtS5
9,EtS5
9,EtS7
25,EtS7
18,EtS10
9,EtS10
6,FrC1
15,FrP2
9,FrP10
21,HCo10
1,IBo2
1,IBo3
18,IBo4
9,IBo5
3,IBo5
25,IBo7
25,IBo20
1,IBo27
1,IBo30
26,IBo35
5,IBo35
9,JBH10
25,JBH20
26,JBH30
21,JBw10
13,JkH10
13,JkH20
9,JTl9
9,KLo15
9,KLo40
8,KLo40
6,KLo43
8,KLo46
9,KLo46
5,KLo48
9,KLo48
9,KLo51
18,KLo55
9,KLo56
21,LiS10
6,LiS10
9,MBe1
6,MBe2
9,MBe4
9,MBe8
9,MBe10
31,MBe10
9,MBe18
13,MRv2
13,MRv4
13,MRv6
18,NoT3
6,NoT5
15,NoT5
23,NoT10
18,NoT10
6,NoT12
25,NoT15
8,RKp10
18,SiM10
6,SkT1
23,SSa10
31,StA10
13,StA10
9,VGg10
9,WaL10
13,WCo10
25,WjH10
1,WTN10
1,WTN12
25,Z6510
18,BBw10
18,BBw20
1,DoH10
1,DrH10
6,EBy10
13,EBy10
28,EBy20
28,EBy22
23,FBe11
25,FBE15
6,FZe1
9,FZe2
18,FZe2
5,FZe3
18,FZe6
15,FZe7
15,FZe10
9,FZe15
9,FZe21
25,FZe23
18,FZe23
6,GAd5
6,GAd10
9,GiG10
6,HyA2
13,HyA3
6,HyA10
6,HyA30
9,JAT3
23,JeH10
9,JeH30
25,JKz2
8,JNe20
1,JSg5
1,JSg6
5,JSg18
6,JSg22
33,JSg35
9,JSk25
25,JuF4
25,JuF6
25,JuF10
25,JuF18
25,JuF20
25,LBn10
3,LBn30
31,MlC10
25,MlC15
1,MeG12
9,MeG30
1,MeG40
9,MeG51
6,MN2
6,MN6
5,MN8
9,MN8
9,MN11
9,MN15
9,MN20
9,MN22
27,MN25
6,MN25
13,MN25
6,MN27
6,MN28
6,MN31
25,MN31
31,MiS3
25,MiS3
25,PlM1
6,REM5
31,RyK10
9,RyK10
31,RyK12
9,RyK12
23,SeC10
6,SNz10
9,SNz10
13,SRm1
31,SRm5
13,SRm10
6,SRm10
8,WKl17
8,WKl19
8,WKl20
5,WKl35
9,VoS20
9,VoS22
9,VoS26
25,VoS40
18,VoS42
9,VoS48
23,Z6640
6,Z6650
18,Z6650
9,NPk10
18,NPk30
9,NPk30
9,ADr10
15,ADr10
1,BrS10
1,BrS12
6,CaR1
6,CaR5
27,CaR7
6,CaR7
6,CaR15
6,CaR20
6,CaR22
6,CaR24
6,CaR30
6,CaR31
21,CaR35
6,CaR35
18,CaR38
6,CaR38
1,CfO10
1,CfO20
8,FrW10
8,FrW14
8,FrW18
8,FrW22
8,FrW30
8,FrW50
18,GSs1
6,GSs1
6,GSs2
9,IAv4
9,IAv7
18,IAv10
21,IAv16
26,IAv18
6,IAv18
8,IAv19
9,IAv19
1,IAv20
1,IAv21
6,IAv25
1,IAv27
25,JFC15
8,JFC10
13,JrS10
9,JSi10
26,JTh10
9,LaJ13
25,LaJ20
6,MRt6
6,MRt7
6,MRt8
3,MRt11
13,MRt11
25,MRt18
6,MRt20
5,MRt27
9,MVP43
18,MVP47
21,PCo11
21,PCo12
3,PCo13
3,PCo17
18,MVP47
21,PCo11
21,PCo12
3,PCo13
3,PCo17
6,RDh10
13,SaG10
9,ToL1
9,ToL10
18,WBz13
31,WBz13
13,WH9
3,WH11
3,WH30
8,WH38
9,AlF10
9,AHv10
9,AnP7
9,AnP18
6,BdP2
21,BdP8
15,BdP10
21,BdP11
13,BdP12
25,BdP13
21,BdP13
6,BdP14
13,BdP14
9,BdP15
21,BdP17
31,BdP17
26,BdP18
1,BdP19
9,BdP21
9,BdP23
9,BdP25
13,BdP25
9,BdP26
1,BdP30
21,BdP32
21,BMy14
1,BzK8
1,BzK20
3,CPR10
8,FeS10
4,GgD10
9,GiC3
6,GiC10
18,GiC10
18,GiC12
13,GRo1
25,GRo5
13,GRo7
13,GRo12
25,GRo15
13,GRo20
13,GRo30
13,GRo35
6,GPi10
6,GPi13
26,GuL10
6,HMo10
25,JOC10
23,JOC10
4,JfH10
13,JFr8
13,JFr10
13,JFr12
13,JFr15
13,JFr22
9,JGo10
1,JGo13
26,JHe10
6,JiC20
13,JiC20
25,JMB2
15,JMB5
27,JMB7
18,JMB7
18,JMG4
6,JMG4
31,JRl10
31,JRl15
31,JRl20
31,JRl20
18,JSt1
9,KBi5
21,KFu10
28,KFu30
8,KlW10
6,MB1
6,MB2
6,MB3
6,MB4
6,MB6
6,MB15
6,MB17
6,MB20
6,MB22
25,MgT10
6,MRy1
23,MRy7
5,MRy9
18,MRy10
5,MRy19
15,MRy19
9,MRy21
21,NoB3
31,NoB10
13,PBo2
18,PBo3
6,PBo5
6,PBo6
9,PBo9
25,PBo9
6,PBo11
8,PBo15
6,PBo20
18,PBo22
21,PlB2
23,PlB12
9,PlB20
18,PlB32
9,PNe4
1,SuR5
16,UlG10
5,UlG10
9,UlG22
13,WLW10
25,WLW10
25,WLW15
13,WLW15
9,YYa1
9,YYa10
9,YYa11
9,YYa58
6,YYa59
9,YYa60
6,YYa62
18,YYa78
6,YYa82
13,AlA10
13,AlG11
18,ATe10
21,ATe10
21,ATe20
9,ATe22
1,BGH9
1,BGH10
1,BGH20
3,BGH26
8,BSc7
8,BSc11
25,BSc20
5,BSc25
21,BSc28
9,BSc40
34,CAm5
34,CAm7
8,CAm12
8,CAm25
18,CAm30
1,DCa5
25,DCa10
9,DHo18
1,DHo22
15,HbR1
6,HbR4
16,HbR5
6,HbR6
16,HbR8
9,HbR9
6,HbR10
15,HbR17
9,HbR21
9,HbR22
18,HbR30
9,HbR30
18,HbR31
9,HbR31
18,HbR32
26,HbR32
6,HbR34
21,HJL10
6,IDx5
9,IDx10
8,IWa1
13,IWa1
13,IWa2
31,IWa2
31,IWa7
13,IWa10
31,IWa10
13,IWa14
31,IWa14
13,IWa20
31,IWa20
15,IWa30
6,IWa30
25,IWa35
6,IWa40
27,IWa40
6,JAu8
31,JAu8
6,JAu10
18,LPe3
9,LPe7
9,LPe15
8,MkK10
6,MRr5
26,NiR1
9,NiR1
9,NiR2
21,NiR3
13,NiR3
25,NiR4
5,NiR40
18,NiR40
9,OuS5
9,OuS6
9,OuS10
9,OuS20
3,PHt1
3,PHt11
3,PHt13
25,PHt13
4,PHt13
1,PHt15
3,PHt20
5,RA2
9,RA3
25,RA5
5,RA5
15,RA8
9,RA10
5,RA10
5,RA15
5,RA17
9,RA19
9,RA22
6,RbD3
27,RbD3
6,RbD10
9,RWF1
9,RWF2
27,RWF3
26,RWF4
5,RWF6
9,RWF8
9,RWF10
18,RWF15
9,RWF15
9,RWF16
18,RWF16
18,RWF18
9,RWF26
9,RWF27
18,RWF27
9,RWF33
6,RWF33
18,SBg10
4,SBg10
6,WA1
6,WA2
6,WA3
6,WA4
25,WA4
6,WA5
18,WA6
18,WA8
18,WA9
6,WA10
6,WA11
18,WA12
18,WA13
6,WA14
18,WA15
9,WA17
6,WA18
18,WA18
6,WA19
9,WA20
9,WA21
9,WA22
6,WA23
18,WA25
15,WA25
6,WA26
6,WA27
6,WA28
9,WA29
31,WEd10
13,WEd10
21,WGr10
18,WiG10
15,WiG10
25,WiG15
9,xAx10
25,xOz10
9,Z6930x
9,Z6940
25,Z6950
13,AyM10
13,AyM15
31,AyM18
18,BRf1
9,BRf2
9,BRf4
1,BRf20
3,BRf30
5,BRf30
18,BRf32
18,BRf34
21,BRf38
21,BRf395
21,DaA3
13,DaA5
15,DaA5
13,DaA7
13,DaA9
13,DaA13
13,DaA18
13,DCs1
13,DCs10
13,DCs12
25,DCs15
13,DCr14
25,DCr15
21,DCr17
13,DCr18
13,DCr20
21,DCr22
5,DCr22
25,DCr25
18,DCr30
9,DCr30
9,DCr35
18,DCr35
31,DCr37
13,DHe10
13,DoC7
25,DoC10
8,EdA5
8,EdA10
8,EdA15
25,EdA20
1,EGC10
18,EGC10
6,EMa10
6,EMa15
23,FKr15
23,FKr17
23,FKr20
4,FrB1
4,FrB3
4,FrB5
4,FrB7
4,FrB9
4,FrB11
4,FrB13
4,FrB17
4,FrB21
9,FSc1
9,FSc5
23,FSc10
9,FSc15
6,FSc18
9,FSc20
9,FSc25
9,FSc29
6,FSc31
8,FSc31
18,FSc34
3,FSc34
5,GiB10
9,GiK1
18,HAs2
6,HAs3
18,HAs4
6,HAs4
15,HAs5
9,HAs5
9,HAs6
6,HAs7
6,HAs9
9,HAs9
6,HAs10
9,HWe10
25,HPr10
15,HPr20
15,Pri1
15,Pri2
6,JaB2
9,JaB5
25,JSb3
25,JSb5
9,JSb10
9,JSb13
9,JSb20
9,JSb27
9,JSb30
25,KCo15
3,KCo20
6,KCo20
25,KCo22
25,KCo25
9,LJe1
25,LJe2
9,LJe4
4,LJe4
8,LKa1
9,MS0
1,MS2
9,MS3
6,MS4
9,MS5
1,MS6
9,MS7
15,MS7
8,MS10
15,MS10
5,MS18
6,MS19
9,MS19
6,MS20
25,MS20
9,MS22
9,MS23
9,MS25
21,MS26
18,MS28
5,MS29
9,MS30
5,MS32
9,MS34
25,MS35
8,MWa4
13,MWa10
9,PaS10
13,PeS3
21,PeS5
5,PM2
6,PM2
18,PM3
6,PM3
9,PM6
9,PM9
18,PM10
6,PM12
18,PM15
6,PM15
9,PM20
6,PM20
9,PM21
31,RAu10
1,RAu40
21,Rau60
23,RBe1
16,RBe2
21,RBe5
26,RBe12
9,RBe15
9,RBe19
9,RFu10
6,RFu11
13,RFu11
6,RFu12
13,RFu12
25,RFu20
9,ShB10
8,ShB10
9,ShB20
9,TAn12
9,TAn16
25,TAn20
9,TAn21
13,SSg20
9,ThC40
6,VME8
13,VME9
18,VME11
6,VME13
3,VME14
6,VME15
23,VME18
6,VME20
26,VME35
6,VME40
13,WCr4
13,WCr5
13,WCr6
13,WCr10
13,WCr15
13,WCr17
13,WCr19
13,WCr20
13,WCr22
13,WCr40
13,WCr42
13,WCr43
13,WCr44
13,WCr46
8,WCr48
9,WCr48
6,WCr49
3,xFr10
5,Z7110
21,AJP1
21,AJP2
5,AJP3
18,AJP5
9,AJP7
9,AJP15
9,AJP25
26,AJP29
6,ATa10
13,AJy20
21,CEa1
23,CEa2
23,CEa3
23,CEa5
3,CEa6
1,CEa7
23,CEa10
5,CEa12
5,CEa14
1,CEa15
23,CEa16
26,CEa17
18,CEa18
21,CEa19
9,CEa20
21,CEa21
21,CEa22
9,CH5
23,CH10
6,CoH1
6,CoH2
6,CoH3
9,CWr3
21,CWr10
9,DaT10
25,DTr3
25,DTr10
3,EPe10
15,FAs1
25,GgL1
9,GgL2
25,GgL3
25,GgL5
25,GgL6
26,GPk10
26,GPk14
6,HJ5
18,HJ5
6,HJ7
25,HJ10
6,HJ12
18,HJ14
25,HJ18
13,HKu10
6,IBa7
15,IBa9
18,IBa10
13,IBa10
3,IBa12
1,IBa13
25,IBa16
6,IBa20
1,IBa20
1,IBa22
1,IBa23
25,IHk10
5,IHk20
13,IHk25
23,IHk30
31,JBi10
6,IvR4
6,IvR6
6,IvR10
6,IvR12
6,IvR14
6,IvR19
6,IvR21
6,IvR23
18,IvR23
3,IvR25
31,JeA10
25,JJA5
9,JJA7
9,JJA10
18,JJA20
31,JJA20
5,JJA25
31,JLr10
13,JLr10
1,JVl10
1,JVl12
13,LnK10
9,LTu10
9,LTu30
6,MiL1
6,MiL4
6,MiL5
6,MiL7
6,MiL9
6,MiL11
6,MiL12
6,MiL14
6,MiL17
6,MiL20
18,MiL22
6,MiL22
18,MiL24
18,MiL28
9,MiL29
15,MiT3
13,MSL10
25,MSL15
5,MvC10
9,MvC30
13,PDu3
1,PDu10
1,PMa5
21,PWr2
16,PWr3
9,PWr4
1,PWr5
9,PWr5
18,PWr6
9,PWr6
9,PWr8
9,PWr12
18,PWr14
6,PWr14
3,PWr16
18,PWr16
9,PWr21
4,RBa1
31,RBa1
6,RBa1
4,RBa2
4,RBa3
4,RBa4
4,RBa5
4,RBa6
4,RBa7
4,RBa8
4,RBa12
18,RBa12
4,RBa16
18,RBB10
1,RSa5
21,RSa5
23,RSfl0
16,RSf20
9,RvP1
8,RvP6
8,RvP9
9,RvP13
6,SPo2
21,Spo8
9,StF3
9,StF4
18,StF5
27,StF10
6,StF12
9,StF12
9,StF13
6,StF14
9,StF14
6,StF17
9,StF17
9,StF20
9,StF23
25,YBa10
9,BaP10
16,BCl1
16,BCl4
9,BCl5
6,BCl10
4,CAN10
9,DaH1
9,DaH2
6,DuW10
23,EgM10
13,EgM12
9,ELh1
3,EuM10
9,GCS10
9,GBl10
6,GBl20
31,GrD10
13,HwM10
1,JeJ10
3,JeJ15
13,JqL10
25,LCh1
9,LCh2
9,LCh3
13,LCh5
13,LCh13
13,LCh14
25,LCh14
5,LCh15
13,LCh16
25,LCh25
13,LCh31
13,LCh36
13,LCh39
21,LCh39
21,LCh45
21,MeW10
25,MeW30
23,MoH3
9,MoH10
31,PBa1
25,PBa3
21,PBa3
27,PBa3
1,PBa4
27,PBa6
6,PBa8
6,PBa9
9,PBa12
21,PCr8
9,PMe10
13,PMe15
6,PMe20
1,PMe30
1,PMe32
1,PMe36
9,PVg10
26,RAC10
6,RAC10
25,RAC20
13,RtY10
6,RtY14
6,RtY15
4,RWl10
6,TmM1
26,TmM1
25,WlC10
13,WlC10
25,WSt10
13,AMe10
9,AMy3
3,AMy3
31,AMy10
6,AMy10
6,AMy18
6,AMy20
15,APa5
8,APa6
9,APa6
15,APa7
9,APa12
9,APa20
25,APa20
8,APa24
15,APa25
15,APa30
5,APa30
9,BGu10
13,BGu10
25,CSe6
6,CSe10
18,CSe15
9,DDu10
21,DDu15
5,EdC10
5,GKc4
13,GlJ10
6,GlJ40
25,GLJ44
8,GlJ50
9,GlJ50
9,GlJ60
1,IMi1
3,IMi4
1,IMi10
1,IWo10
1,IWo15
1,IWo25
1,IWo35
1,IWo37
1,IWo38
1,IWo40
25,IWo40
25,JCJ10
1,JkS5
21,JkS10
13,JMP10
1,KrD10
1,MCi1
9,MCi2
23,MCi3
9,MCi10
25,MiC5
1,MiC11
21,MiC15
25,MiC20
9,MiC25
6,MMG10
8,MWu10
15,PHz10
8,PHz10
3,RbC10
21,RbC20
1,RCm10
1,RCm15
4,RLa1
4,RLa2
28,ShM5
25,ShM5
25,ShM10
28,ShM15
8,SRd10
8,SRd30
1,TMa1
9,TMa1
9,TMa10
9,TMa11
31,Z7310
18,AZu5
31,AZu25
8,BbM5
8,BbM10
8,BbM19
8,BbM22
9,BTv5
15,BTv16
8,BTv16
9,BTv22
9,BTv24
8,BTv26
3,BTv27
26,BTv29
9,CWh10
6,CWh10
9,DaG3
9,DaG6
21,DaG10
9,ERz3
9,ERz6
9,ERz10
9,ERz18
9,ERz19
9,ERz20
9,ERz21
13,GLe10
25,GNe5
3,GPC5
3,GPC10
1,GPC20
1,GPC25
23,GPC29
25,ICa8
21,ICa8
25,ICa9
6,ICa20
25,ICa20
3,ICa25
1,ICa25
13,ICa27
1,JDe1
6,JDe3
23,JDe5
21,JDe8
9,JDe10
9,JDe12
18,JDe15
8,JDe19
6,JDe20
13,JDe23
5,JDe25
15,JDe27
9,JDe28
21,JDe32
9,JDe35
15,JDe36
5,JDe36
21,JDe40
15,JHr10
15,JHr20
15,JHr30
9,JMS1
9,JMS2
6,JMS9
21,JSz3
18,JSz4
3,JSz10
25,JSz12
21,JSz15
31,JuJ1
31,JuJ3
31,JuJ4
31,JuJ5
31,JuJ10
31,JuJ15
31,JuJ17
31,JuJ19
8,KBu10
8,KBu20
8,KBu22
8,KBu24
8,KBu40
8,KBu45
8,KBu50
8,LoG40
9,Ph4
25,MBn10
9,MBn10
5,MiD10
5,MiD20
9,MLd10
31,MLi10
21,PGD11
13,RBl10
25,SBs10
3,StC10
9,StC12
3,StC20
23,StC30
5,ToA10
13,ToH1
13,ToH3
25,ToH14
25,ToH20
13,ToH26
25,ToH30
13,ToH40
9,YRa10
6,Z7410
13,Z7410
18,ClW20
21,DRi10
9,DRi14
9,DRi20
9,HeB1
9,HeB3
8,HeB5
18,HeB10
18,HeB12
8,HeB15
13,JiS10
25,JiS10
1,JKp15
1,JKp18
9,JKp30
21,JKp32
23,JKp35
21,JKp35
3,JPR25
13,MxA10
31,NSg10
25,PaC20
25,PaC20
9,PaC24
18,PaC24
9,RaK3
15,RaK5
18,RaK7
31,RaK7
18,RaK8
18,RaK9
1,RaK9
6,RaK15
25,TgG1
25,TiG2
25,TGi4
25,TGi5
25,TGi6
18,TGi7
25,TgG8
9,TGi9
9,TNu3
5,TNu10
1,WHl4
9,WHl8
1,WHl10
1,WHl15
1,WHl20
1,WHl30
23,WHl32
5,WHl32
23,WWi10
5,WWi10
6,ARu4
18,ARu10
21,ARu20
18,ARu20
25,ARu28
8,BaK1
8,BaK20
6,BeG10
6,BBa1
18,BBa1
31,BBa1
26,BBa5
9,BRB3
9,BrB5
1,BrB5
18,BRB7
9,BrB10
18,BrB20
18,BrB21
9,BrB22
9,BrB27
21,BrB30
21,TiB3
26,BuR25
6,CGo10
1,CGr10
1,CkB10
9,ChL1
6,ChL2
9,ChL2
18,ClM30
9,ClM40
9,DnD10
8,GeB3
8,GeB10
3,GeO10
1,IFy10
1,IFy20
25,IFy27
1,IFy40
3,ILn10
1,JFg20
31,JoD5
6,JoD5
13,JoD9
13,JoD11
6,JoD12
25,JoD12
6,JoD13
25,JoD20
6,JoD26
6,JoD30
6,JoD34
4,JoD40
3,JoD40
6,JsF10
6,JsF20
31,LIC10
9,LIC20
9,LIC30
9,KSh10
5,MAk10
6,MLH5
27,MLH10
18,MLH20
1,MLu10
1,MMi10
6,MMi21
6,MSz10
5,MSz11
6,MSz25
9,MxB10
21,RbM1
6,RbM1
9,RbM10
25,RHf10
21,RHf10
1,RHf20
1,RHo1
6,RHo5
18,RHo10
18,RHo12
25,RHo12
6,RHo14
25,RHo15
18,RHo17
6,RHo20
1,RHo22
25,RHo24
25,RHo27
5,RHo29
25,RHo29
3,RHo29
21,RHo31
6,RHo34
6,RHo35
5,RHo36
31,RMr10
15,SOS10
5,SOS10
3,SRf10
25,SRf21
9,TKo15
9,TKo19
1,TKo20
1,TKo22
13,WGi5
13,WGi10
13,WGi15
21,WiW9
21,WiW12
25,WiW20
25,WiW25
26,WiW27
15,WiW30
5,Z3410
8,Z3411
8,Z3412
8,Z3414
25,AGr10
1,AsL10
9,CBt3
6,CBt10
15,CSr8
15,CSr10
15,CSr15
9,CSr20
13,EMt10
6,FrS10
9,FrS10
1,HNe10
25,HNe15
6,HNe17
1,HNe17
25,HNe17
6,HNe20
6,HNe25
1,HNe25
3,HoG10
18,JBr10
9,JNi1
6,JNi10
23,JNi10
1,JNi20
25,JNi24
9,MPr4
9,MPr6
6,MPr10
15,MPr11
9,MPr25
6,NCh10
18,RBn10
13,RCj10
13,RCj11
13,RCj20
9,RDo10
21,RDo20
6,RDo26
6,RDo28
9,RDo30
21,RDo32
28,RDo36
9,RDo40
8,RMY10
25,RMY15
21,SCo10
31,SLw10
13,SRi2
13,SRi3
13,SRi5
13,SRi6
13,SRi8
13,SRi9
6,SRi10
21,SRi18
25,SRi19
3,SWa10
9,TAb10
31,UlO10
9,UlO12
1,UlO17
9,UlO17
31,UlO20
31,UlO25
3,UlO25
31,WLe10
25,WSa5
25,WSa10
6,WSa10
13,AlB10
18,BuH10
6,BuH15
3,CBP10
13,CBP12
28,CoA10
13,DDy10
31,DDy10
25,DeJ10
9,DeJ28
30,DeJ32
25,DLy1
5,DLy2
25,DLy5
6,DLy8
25,DLy8
25,DLy8
9,DLy8
9,DLy10
26,DLy10
9,DLy12
9,DLy18
3,DLy21
5,DLy21
32,DLy25
9,DWr10
18,DWr10
8,ErM3
5,ErM10
8,ErM10
8,ErM20
5,ErM25
18,FDG10
9,FGi10
6,FGi20
15,FMx10
5,FMx10
25,GeM2
1,GeM5
25,GeM17
8,GeM17
21,GeM17
9,GeM17
6,GeM30
25,GeM30
13,IdB10
6,IdB10
13,IdB12
6,IdB12
13,IdB14
6,IdB14
13,IdB16
6,IdB16
13,ICd10
25,HgS10
6,HoZ10
6,HoZ12
6,HoZ18
6,HoZ21
26,HoZ21
6,HoZ23
6,HoZ24
13,HSu10
25,JCm5
1,JCm5
25,JCm10
25,JCm13
1,JCm20
25,JCm20
1,JCm25
18,JCm25
8,JCm28
9,JCm28
25,JCm28
3,JTo3
18,JTo5
6,JTo5
8,JTo7
6,JTo15
1,LBe10
21,LBe10
9,LBe15
25,LBe20
25,LBe21
9,LBe21
9,PSc1
9,PSc10
9,PSc12
13,PSc30
9,PSc39
9,PSc41
6,RBu10
23,RBu10
1,RBu15
6,RBu20
25,RFi10
13,RHy10
5,RoE10
3,RS1
25,RS2
25,RS3
27,RS3
25,RS8
25,RS9
9,RS11
1,RS14
1,RS15
5,RS20
3,RS26
5,RS26
9,RS28
25,RS30
25,RS32
1,RS32
15,SRa5
5,SRa5
6,TCh1
6,TCh2
3,TMy10
8,WaG10
18,WBe1
26,WBe10
25,WBe10
6,WBe15
25,Z7820
6,Z7840
18,AAl6
18,AAl10
6,AAl20
15,AAr10
25,AAr20
6,ABr1
9,ABr3
6,ABr4
6,ABr7
6,ABr9
27,AlC10
9,AlC20
5,AlC20
6,BBi10
31,CiS10
1,CiS40
26,DLD10
13,EWS4
9,EWS10
21,FWa10
9,GiA10
9,GiA20
6,GiA30
9,GiA32
18,GiA35
21,HBe10
21,HBe15
21,HBe18
26,HBe20
3,ICt10
18,Ird10
6,Ird10
6,Ird12
9,Ird14
21,Ird16
6,MBr10
6,MBr14
6,MBr19
9,MBr25
9,MCh5
9,MM10
25,MM20
13,MM25
21,MM25
9,MM30
25,MM33
21,MM33
8,MM37
9,MM37
21,MM41
27,MM41
3,MLt5
9,MLt10
13,MLt15
25,MLt20
25,MLt22
3,MRb10
25,MRb15
9,MxS10
25,NiM5
25,NiM12
3,NiM20
25,NiM30
25,NiM30
6,SDr1
18,SDr1
6,SDr10
9,SyS1
9,SyS2
9,Sys3
25,TrJ10
6,TrJ12
6,TrJ14
25,TrJ15
25,TrJ20
25,YoK1
9,WRi10
6,WRi20
27,ALi10
6,ALi15
5,CBd20
15,CBd30
9,ClP10
18,ClP10
9,DdP10
13,DeH10
21,DDo20
6,DDo20
21,EBi10
1,ErK20
1,ErK30
31,FOR10
31,FOR12
31,FOR12
31,FOR20
25,FOR30
31,FOR30
9,FRa10
13,GBo5
6,GBo15
25,GCl10
13,GCl10
15,GCl20
25,GMu1
25,GMu2
9,GMu9
23,GMu15
25,GMu17
21,GMx5
25,GNs10
6,GNs15
9,GTr12
6,HaR1
6,HaR10
6,HaR14
6,HaR18
25,HaR25
6,HaR25
6,HaR28
13,IBd10
5,IBy10
9,IBy15
1,IMz10
1,IIr10
5,IIr17
1,IIr21
18,IIr30
18,IIr32
3,IQd10
8,IrW10
25,ISy8
8,ISy15
9,ISy20
9,ISy22
3,JfW5
25,JGl10
1,JGl15
1,JGl20
6,xAb1
6,JiA1
28,JiA1
6,JiA5
6,JiA7
6,JiA9
6,JiA10
1,JiA15
6,JiA15
1,JiA18
6,JiA18
9,JoO10
25,JoS1
1,JoS5
9,JoS12
9,JoS13
1,JoS15
1,JoS16
25,JoS18
25,JoS20
21,JoS27
3,JrF10
9,JsC10
25,JTM10
31,JTM20
15,JuT5
31,KW10
13,KW10
25,LuP30
25,MHo10
9,MtD10
25,MBm1
21,MBm3
18,MBm3
23,MDa5
27,MNe12
18,MNe18
18,MNe20
18,MNe22
18,MNe25
9,MNe29
8,NRo10
8,NRo12
31,PAl1
6,PAl4
6,PAl4
6,PAl8
9,PAl8
6,PAl10
6,PAl12
6,PAl14
6,PAl16
6,PAl18
18,Pal20
9,Pal20
9,PAl21
6,PHa10
9,PHa15
5,PHa25
8,PHa25
13,PLy10
21,PLy15
6,RFM10
15,RFM12
25,RFM20
25,RGr10
15,RGr10
8,RGr30
6,RKa10
13,RLi6
9,RLi10
18,RLi20
25,RLi25
1,RoH10
1,RoH30
25,RoW10
9,RR1
9,RR2
9,RR3
9,RR4
18,RR5
23,RR5
6,RSr10
13,RSp8
9,RSp10
6,RSp13
6,RSp16
6,RSp17
25,RSp20
3,RSp24
1,RSp24
4,SBe10
8,SfP6
15,SfP6
9,SKw20
13,SSC1
18,SvP10
9,TaH2
9,TaH5
1,TaH6
15,TaH8
8,TaH15
15,TaH15
8,TaH30
25,TaH32
9,TBl21
5,TCl10
9,TCl10
6,TgD1
9,THu10
9,THu13
8,THu20
9,THu20
9,THu25
18,THu30
23,THu30
21,VeZ10
9,VlM10
9,VLo50
8,VLo50
9,WaB10
8,WMi19
8,WMi22
8,WMi25
9,YMZ10
9,YMZ20
9,YMZ22
6,YMZ24
9,YMZ26
31,Z2810
25,Z2810
1,AbF10
13,AbF12
13,AbF14
1,AbF20
26,AbF25
13,AbF27
25,AbF27
6,AnB5
1,AnB10
6,AnB10
6,AnB20
6,AnB26
31,AnB26
6,BoL10
31,BoL10
21,BSe10
21,BSe20
25,BDC8
6,BiP10
6,CaG1
9,CBe10
5,CBe10
9,CGi10
25,DDa10
18,DSh10
18,DSt10
31,DuM5
6,DuM10
9,DuM20
21,ErD10
9,ETi10
9,Eti20
13,FHe10
13,FHe30
13,FHe31
13,FLg10
9,FRo10
8,FRo20
25,Fro28
26,FrV10
26,FrV20
13,GrB4
25,GrB10
25,GrB10
13,HAv10
3,IG1
3,IG2
3,IG3
3,IG4
3,IG5
3,IG6
21,JCL10
1,JCL10
3,JCp15
18,JJB1
21,JJB1
9,JJB10
31,JJB15
6,KeS10
9,MBg10
8,MLe10
15,MLe10
6,MMo10
1,MnB10
5,MnB22
18,MSr10
13,MyR10
13,OlS3
1,OlS15
5,OlS17
5,OlS18
18,OlS20
1,OlS22
5,OlS23
9,OlS25
1,OlS27
6,OzS10
5,PAd1
18,PAd13
6,PAd14
9,PAd17
5,PCx18
9,PCx25
3,PCx28
18,PCx28
18,PCx29
9,QMa10
31,QMa12
31,QMa14
21,RFr10
13,RFr15
3,RFr19
3,RFr25
3,RFr30
13,RiR10
8,RLT10
25,RLT15
21,RMq5
25,RMq8
16,RMq10
25,RoM1
25,RoM2
25,RoM3
6,RZe1
3,RZe3
25,RZe5
4,RZe10
25,RZe12
25,RZe14
23,RZe14
6,RZe17
13,RZe17
6,RZe19
25,RZe20
13,RZe25
6,SGo10
9,SyH10
6,SHS5
21,SHS10
13,Smi3
13,Smi5
5,SMi10
25,SMi14
13,SMi21
18,SMi21
31,StG10
25,SuG10
13,SuG20
25,SuG25
13,TDS10
9,TDS15
3,TKa10
25,WlF10
1,WoP10
13,WoP12
26,WoP17
21,WoP17
21,WoP18
21,WoP20
21,WoP22
9,WoP24
9,WoP25
8,WoP25
5,xGc10
6,AmH10
6,AmH13
9,AOz10
25,APy10
9,APy15
21,ARo10
18,BiF10
6,BiF13
9,BiF20
9,BLe1
6,BLe5
6,BLe5
9,BLe6
6,BLe8
18,BLe10
6,BLe10
18,BLe11
6,BLe11
6,BLe12
6,BLe15
6,BLe17
9,Ble19
5,Ble19
6,BLe21
25,BLe22
9,BLe23
6,BrP10
6,BrP15
23,BSz10
3,CDe10
6,CHa10
21,CHa14
21,CHa18
21,CHa20
3,CHa25
9,CHa27
5,CMu10
13,DaD10
21,DSc10
6,DSW15
6,DSW18
1,GAS10
9,GrC1
21,GrC12
6,GyM4
6,GyM10
6,GyM20
18,GyM22
21,GyM24
18,GyM26
31,GyM26
6,GyM30
6,GyM33
6,GyM35
15,HJS10
3,HuH15
9,HuH20
31,HPa10
1,IaS10
18,IDu16
18,IDu21
18,IDu22
13,IDu22
18,IDu24
6,IDu24
13,JBs10
1,JCh5
6,JCh10
1,JCh10
6,JCh13
1,JCh13
6,JCh15
1,JCh15
6,JCh20
1,JCh20
26,JFD10
6,JFD10
5,JHs10
9,JPK10
21,JPK15
9,JMl1
13,JSo10
13,JSo15
21,KaK10
21,KaK10
6,KFi10
28,KFi10
8,KrK5
27,KrK20
18,KrK30
18,KrK35
27,KrK38
27,KrK39
27,KrK40
21,LaK1
6,LaK2
6,LaK9
6,LaK13
27,LaK14
27,LaK15
23,LaK18
18,LaK16
3,LaK16
6,LaK23
9,MCa10
18,MGA14
25,MRm20
9,NeJ10
25,NeJ12
9,NeJ14
6,NeJ15
6,NeJ16
9,NeJ20
21,NeJ22
9,NeJ29
18,NeJ29
15,PaB10
13,PWa10
6,RiB1
18,RiB15
6,RiB21
18,RiB21
6,RiB25
25,RiB26
6,RiB28
9,RiB30
9,RLo10
9,RLo24
6,RJR10
9,RT1
16,RT20
5,RT30
9,RtW10
9,RzB10
25,StL10
6,SuS12
18,SuS16
25,SuS16
6,SuS20
21,SuS20
18,SuS25
6,TAv1
8,UEd10
9,UEd20
9,UEd25
16,WaW1
18,WaW2
9,WaW3
9,WaW4
9,WaW5
9,WaW10
6,WaW13
6,WaW14
18,WaW15
9,WaW16
18,WaW20
13,WLu15
25,xHe10
8,YlG10
9,Z8210
15,AdL5
31,AdL6
18,AdL6
18,AdL10
9,AdL14
9,AdL16
9,AdL20
9,AdL25
8,AHu1
18,AJo10
6,AKa5
6,AKa10
27,AKa15
6,AKa15
9,AKa20
6,AlJ1
4,BMs10
8,BnG1
21,BnG13
9,BSt1
9,BSt5
9,BSt10
18,BSt15
9,ByB10
9,CoF10
15,CoF10
5,CoF10
18,DCb10
31,DdH10
6,DLo10
3,DLo13
1,DLo19
9,DWi10
9,EdE10
6,EHo10
6,FOz20
9,FOz20
6,FOz22
9,FOz25
25,FOz29
21,FOz29
1,GCh10
23,GCh20
1,GCh23
18,GJo10
25,GoR1
9,IoA10
9,JJm4
6,JJm6
23,JJm9
26,JJm13
6,JJm13
3,JKw5
6,JKw10
18,JLB1
6,JLB7
6,JLB12
25,JLB14
6,JsS10
25,LCo10
1,LDF10
18,MaC1
18,MaC4
18,MaC8
18,MaC10
6,MaC11
6,MaC12
5,MaC15
8,MKy10
25,MKy10
25,MKy15
8,MWh10
25,MWh10
5,PB10
3,PB12
21,PGr5
25,PGr10
27,PGr12
6,PGr12
31,PGr15
9,PGr16
25,PGr16
9,PGr17
31,PGr20
25,PGr22
5,PLf10
9,PLf10
9,PRb1
9,PrH10
9,PrH11
9,PrH12
15,RbR1
18,RbR2
18,RbR3
18,RbR10
6,RbR10
18,RbR12
9,RbR14
25,RbR18
6,RbR22
23,RDu12
9,RDu15
8,RiC10
9,RMw3
9,RMw10
1,RMw13
8,RMw15
3,RoD10
8,RPe8
9,RPe8
9,RPe20
9,RPe22
9,RWs10
6,PBm1
31,PBm1
18,PBm2
1,SFi10
31,SiN10
9,SlT10
6,SlT10
15,SvF10
1,TeB10
13,ToS1
1,ToS5
1,ToS10
6,ToS12
1,ToS15
3,ToS21
21,ToS23
21,ToS25
21,ToS29
5,VZg10
1,WiD10
25,WiD10
25,WiD20
9,WTMx
6,ACx10
25,ACx12
9,AEy2
9,AEy12
9,AEy14
9,AEy16
9,AEy18
9,AiN10
13,AKu10
9,AvW10
9,AvW12
18,ChS10
6,ChS10
18,ChS13
6,ChS13
18,ChS13
6,ChS20
6,ChS24
21,ChS24
6,DWa10
9,EPy5
9,EPy10
13,FKi10
1,FKi18
26,GnP10
6,HuW10
6,HuW12
6,HuW15
6,HuW22
6,HuW25
6,IHu1
6,IHu11
25,IHu12
18,IHu12
6,IHu15
6,IHu18
6,IHu22
18,IHu25
9,JCi3
9,JCi5
9,JCi10
5,JCi12
9,JCi14
18,JCi17
1,JlC4
1,JlC7
1,JlC10
9,JlC11
9,JlC14
9,JlC16
6,JI1
6,JI2
6,JI4
21,JmF25
13,JmF25
21,JRu1
21,JRu2
21,JRu3
18,JRu5
21,JRu5
21,JRu12
21,JRu14
15,JSe0
13,JZi10
25,LeN3
25,LeN4
6,LeN8
15,LPi10
9,LPi20
35,LPi20
13,MBu10
31,MGr10
31,MGr15
9,MiR5
5,MiR10
18,MiR21
1,MiR21
9,MKa10
9,MKa15
8,MtB10
8,MtB16
25,NBu10
25,NiC10
6,NiC30
6,NIs10
21,PeC10
6,PeM10
9,PeM15
13,PeM20
25,HPr10
15,HPr20
15,Pri1
15,Pri2
5,RCn30
4,RCn36
25,RCn36
1,RCn39
28,RCn39
8,REp10
8,REp18
9,RhM10
13,RhM10
9,RhM30
21,RhM34
3,RhM37
9,RoJ1
8,RoJ1
5,RoJ10
6,RoJ20
27,RoJ20
21,RTu1
26,RTu3
8,PiS10
9,TMk10
5,ToP10
6,Z0910
25,Z0910
3,AKo10
25,AKo15
25,AKo15
25,Amp6
9,Ari10
18,CCw2
6,CCw2
18,CCw5
9,CCw8
18,CCw10
8,CLz1
1,CST10
1,CST20
18,DDe10
4,GaT3
4,GaT7
4,GaT10
4,GaT11
4,GaT18
8,GoJ20
25,HSB18
4,Ilt1
4,ILt5
4,ILt10
4,ILt15
4,ILt17
4,ILt18
25,IsS5
9,IsS10
9,IsS11
25,IsS15
9,ITu10
31,JqS10
9,KoI10
8,JVm4
9,JVm4
8,JVm7
9,JVm7
8,JVm10
9,JVm10
8,JVm17
9,JVm17
1,KBg6
13,KBg8
21,KBg10
9,KBw10
4,KGC10
9,KZs18
9,LCa10
9,LCa14
31,LCa22
9,LiY20
8,LPt10
6,MBl5
18,MBl5
9,MDi10
9,MaG10
18,MaG10
9,MiP10
31,MoT1
31,MoT10
31,MoT12
9,MTo10
6,MzN4
6,MzN10
6,MzN15
4,MzN15
3,OSo10
1,SSh10
6,THo10
18,THo20
6,TiB1
21,TiB2
6,TiB5
25,TiB6
13,TiB8
25,TiB12
5,TiB14
6,TiB17
25,TiB17
13,TiB20
1,WTa10
1,WTa20
26,WTa20
31,ZlK10
31,ZlK20
9,ABu10
5,ACv10
13,APe10
5,AvS10
9,bQs10
9,bQs14
9,bQs20
9,bQs23
9,bQs25
9,bQs30
4,xQu10
27,xQu15
13,BrG10
5,BrG20
5,BrG25
21,BrG28
8,BWb10
4,DBl10
4,DBl12
4,DBl13
4,DBl15
4,DBl16
4,DBl20
4,DBl24
18,DBl24
6,FdP10
13,FdP10
25,GaM10
6,HoD10
6,HoD20
6,HoD24
6,JoR10
6,JoR15
26,MdV5
18,MdV10
18,MdV14
27,MrD1
27,MrD2
6,PFa10
5,PLu10
25,RHv5
25,RHv7
25,RHv9
25,RHv10
21,RMa10
1,RMa10
18,PtM10
8,RnF10
25,RnF10
8,RnF14
25,RnF14
6,SLJ1
6,SLJ3
6,SLJ4
9,SLJ5
6,SLJ5
5,SLJ7
18,SLJ8
9,SLJ11
9,SLJ12
8,SLJ14
13,SpK10
31,STo10
1,TsH10
9,Z8610
6,Z8630
6,ACl10
9,AlP10
8,AlP15
18,ARb1
13,ATu1
6,CCo2
6,CCo3
18,CCo4
6,CCo5
6,CCo6
6,CCo10
9,CCo11
25,CCo14
18,CGy10
6,CP2
27,CP3
25,CP3
9,CVr10
18,DMa10
16,DMa12
21,DMa13
25,DMa15
25,DMa20
21,DMa20
9,DMa21
6,EAr10
15,EAr12
18,ElB10
9,EtC20
9,EtC25
31,JWy10
13,JWy10
31,JWy15
13,JWy15
25,KYo1
5,LHa1
18,LHa5
6,LHa5
9,LHa10
9,LHa16
18,LHa17
6,LHa17
5,LPs10
8,LVa10
15,LVa10
9,LVa12
13,MGn10
9,MkR10
5,MkR10
25,MRz10
15,MRz10
8,MWl10
25,NCo10
25,NCo11
18,NMv1
9,NMv8
9,NMv10
9,NoM10
13,PMG10
9,PPm10
9,PPm15
25,PRz10
18,PRz15
9,PRz22
8,RtS10
6,RtT10
9,SiG10
9,VNu15
13,VSa10
25,VSa18
9,ABi20
1,ADv10
1,ADv12
1,ADv14
1,ADv15
21,ADv17
1,ADv17
21,ADv22
9,AgH1
9,AgH5
9,AgH10
9,AgH13
9,AgH15
9,AgH19
31,AHo1
1,AnK10
3,BiA1
9,BiA3
5,BiA5
9,BiA7
9,BiA8
9,BiA9
9,BiA10
6,BmF10
21,BSi3
4,BSi10
9,BSi13
31,BZi10
21,CBu6
21,CBu8
21,CBu10
31,CBx10
9,CCr10
21,CCr12
31,CCr12
9,CEd10
9,CEd20
9,ClD1
27,ClD10
25,DGr1
5,DH5
6,DdV2
9,DdV4
18,EAy10
18,GAx1
27,GrA10
9,GKo10
6,GuM1
13,GuM1
6,GuM2
13,GuM2
21,GuM3
25,GuM5
6,GuM5
6,GvR10
25,GvS4
18,GvS8
23,GvS8
9,GvS11
9,HBo10
6,HDu10
9,HeW1
26,HeW5
1,IBC10
31,IGs10
15,IGs20
6,IGs20
31,IlM5
25,IlM10
1,IMT10
1,IMT15
1,IMT20
1,IMT22
9,IMT24
21,IMT29
18,JHH10
9,JrB10
4,KOt10
31,KSR20
31,KSR30
9,KSR35
9,LvT10
18,LvT20
31,LvT20
25,LvT21
9,LvT25
21,MFi10
18,MFi15
21,MFi15
18,MFi18
9,MFi20
6,MGw1
23,MGw2
23,MGw5
5,POC20
9,POC25
18,POC29
6,PTh10
21,RkM10
1,RkM16
1,RNo10
1,RNo20
18,RSh5
5,RSh10
6,RSh15
5,RSh18
18,RSh20
6,RSh20
27,SLo2
9,SSR10
9,SSR12
23,SSR15
6,TAF10
27,TAF10
6,ThS4
5,ThS5
25,ViW1
3,ViW10
25,ViW15
15,yAn10
25,xSz10
6,YoT10
1,Z1811
1,Z1812
1,Z1813
31,Z4810
31,Z4815
18,Z54105
5,Z0310
5,Z0320
31,Z8820
6,AMc10
18,AMc10
27,AMc15
6,AMc15
4,ARv10
6,GFi1
6,Gfi2
5,BNu1
6,BoB1
18,BoB4
21,BRo7
21,BRo10
9,CaB1
31,CaB6
6,ChG2
25,ChG10
6,ChG15
6,ChG18
26,ClZ10
6,ClZ19
13,DHL1
13,DHL6
3,DHL10
8,DOR5
8,DOR8
8,DOR10
13,MSo10
9,DvJ1
9,DvJ2
9,DvJ4
9,DvJ6
9,EKu10
9,EMu1
5,EZw1
3,EZw1
9,EZw4
25,EZw5
1,EZw5
9,EZw7
1,Ezw9
9,FAm10
6,FAm16
21,FAm16
15,GCo1
9,GDG1
13,PGg1
13,PGg9
21,PGg11
9,GTo1
25,GTo2
9,HCa10
8,HCa10
5,IsJ10
9,IsJ12
9,ITo10
6,JHd10
25,JJo1
6,JJo1
3,JJo2
25,JJo2
25,JJo5
5,JJo10
9,JJo10
25,JMd10
5,JSh1
9,JSh2
5,JSh2
9,JSh4
5,JSh4
9,JSh8
9,KBr1
6,KBr3
5,KBr10
6,KBr12
6,KBr14
9,KBr16
9,KBr17
9,KBr18
9,KBr20
9,LPu1
18,MNa13
3,MCJ10
18,MCJ12
5,MCJ14
18,MCJ16
1,MCJ18
6,Mgy5
9,MiB10
8,MiB10
13,MLa10
9,MLa15
13,MLa19
6,MLm1
6,MLm5
9,MTU10
25,PAR10
21,PAR14
6,PAR14
21,PhN10
21,PhN14
21,PhN17
26,PhN20
21,PhN22
18,PPz10
9,PTi10
21,PTV10
9,RaH7
9,RaH10
9,RaH15
5,RaM10
6,RBi10
27,RBi10
6,RJe1
6,RRa10
9,RRa10
13,ShT10
15,SKo1
9,SKo2
9,Sko5
18,Sko5
31,StS1
5,StS2
5,StS5
1,StS10
1,StS13
25,StS14
13,TBi10
6,THy6
25,TSz5
6,TSz10
27,TSz10
1,WHB10
25,WSh1
25,Z8910
6,Z8910
18,AAt10
21,ACu15
10,ACu20
9,ACu23
8,AGo10
6,AmN1
1,AMo13
18,AMo13
16,AMz1
6,AMz5
5,APk10
18,APl10
8,ARt1
9,ASS10
4,BBz10
9,BJq5
6,ChM20
5,CWm10
8,DbC10
9,DlB3
6,EmE10
1,FFf10
5,FFf10
13,FrM1
3,FrM6
9,FrM10
25,FrM10
31,GaO10
1,GeA10
21,GeA30
21,GSl10
21,GSl12
27,HlH1
27,HlH2
26,HlH3
9,HlH9
9,HoF10
13,HPe10
21,IDa10
21,IDa14
27,IDa14
21,IDa17
9,IDa19
8,IEl10
13,IHs10
18,IlE10
5,IMN10
1,IMN10
9,IMN12
6,IMN15
23,IMR10
1,IsF10
31,JdA10
9,JDo10
25,JFC15
8,JFC10
25,JGb10
31,JMe1
8,JMe1
6,JLz2
25,JLz2
31,JLz2
6,JnL10
6,JnL12
6,JnL13
6,JnL15
6,JnL18
4,JnN9
25,JnN10
6,JoA10
18,JoA13
9,JoA13
21,JoA15
26,JoA19
6,JWB10
18,JZu10
23,JZu15
9,LuD4
18,MnK20
25,KaA9
21,KaA10
9,KeC1
25,KeC5
25,KeC7
25,Khi20
6,KvR10
9,KvR10
26,LiH10
31,LiH10
18,LuM10
18,LuM13
18,LuM16
18,LuM21
18,LuM25
1,LyD10
25,MiJ5
1,MiJ10
6,MiJ12
28,MiJ15
8,MMr10
9,MPe5
9,MPe10
6,MSm10
6,MSm17
6,MSp10
5,MVh10
9,MYa20
9,NGp10
9,NRe6
18,NRe10
8,PCo10
9,OlA10
25,OlA14
18,OlA15
9,OlA16
5,OlA16
6,PnM8
5,PnM10
18,PnM11
9,PnM12
6,PnM14
1,PhJ10
21,PhJ13
21,PhS10
21,PLe10
18,PLe12
18,PLe15
6,PLe16
18,PLe17
9,PLe21
5,PRP10
18,PuA10
9,PvL5
25,PvL5
1,ReH10
3,ReH16
9,RGu10
9,RGu15
1,RHr8
1,RHr12
6,RnH10
6,RnH13
25,RPr10
13,RSS10
5,RtG10
5,RtG12
31,RWe10
25,SBa10
25,SBa15
6,SBa15
25,SBa20
25,SBa22
9,SCz10
1,SnT20
1,SnT26
6,SnT28
1,SnT28
6,SOe10
6,SOe12
6,SOe15
13,TSa1
9,TSt1
25,PMC10
9,WhS1
6,WhS1
6,WhS3
18,WhS5
9,XaK10
21,YaY10
18,YaY10
13,Z9020
6,Z9030
6,Z9060
4,Z9070
9,ADz10
9,ADz15
15,AGl10
21,AGl12
8,AKe1
15,AKe1
6,AKe5
6,AMi10
25,AMi10
18,AMi12
6,AMi12
18,AMi15
9,AMi15
6,AMi19
31,ASi10
9,BDu2
18,BDu3
6,BDu4
26,BDu10
8,BMo10
18,BrR1
9,BrR5
18,BrR5
6,BS1
13,BS1
18,BS4
6,BS5
13,BS5
6,BS6
18,BS6
6,BS8
1,BS8
26,BS10
6,BS10
1,BS15
6,BS15
21,ByS10
21,ByS15
4,ByS17
25,ByS17
9,CMe10
9,DHr10
9,DHr12
25,DKl10
6,DMH10
9,DMH15
15,DMk10
8,DMk10
8,DSu20
9,DSu20
6,DZu12
1,DZu12
9,ECh10
1,EDi10
1,EDi12
13,EDi14
8,EdY18
9,EdY18
9,FDF10
13,FrG10
25,FrH10
1,FWs10
8,FxB10
6,HrH1
27,HrH1
4,HyS10
9,IBl10
21,IBl15
15,IiS5
15,IiS10
9,IiS15
18,IiS17
8,IrS10
9,ISn1
9,ISn3
9,IWk1
26,IWk3
9,IWk3
21,IWk5
9,IWk10
21,JaR10
18,JAv10
18,JAv15
6,JAv18
9,JBm10
13,JDr10
6,JeR10
8,JLi10
9,JoF1
9,JoF5
6,JoF5
18,JLp1
18,JoB10
5,JoB10
25,JSv10
18,JSv15
8,JVa10
9,JVD5
9,JVD10
6,JyR2
26,JyR2
6,JyR4
26,JyR4
9,KeR10
6,KeH10
1,KuA10
18,LrA10
9,LFZ1
9,LSP10
18,MAD10
6,MiH10
25,MiH18
1,MKb10
13,MKi10
8,MoA10
9,MRP10
23,MRP14
9,MtR1
9,MtR5
4,MtR10
21,NBr10
8,NBr17
4,NiP5
4,NiP10
4,NiP17
9,NyA10
25,OKa10
31,PGl10
6,PHw8
25,PHw10
6,PHw10
6,PRs10
9,PSp10
6,PSp12
6,PSp14
9,RdD10
13,RlE5
1,RlE10
25,RlE20
25,RlE22
9,RlE24
25,RlE24
9,RLl10
9,RLl13
18,RLl15
18,RLl21
6,RUn10
9,SCa10
1,SHp5
1,SHp10
9,SHp13
1,SLe10
1,SLe12
6,SpJ13
8,StN10
9,SyC5
9,SyC10
6,THg25
4,THg33
5,TLW1
9,TLW1
9,TLW5
18,TuB10
9,VNf10
8,WHj1
9,WHj1
21,Z9110
9,Z9120
9,AAn10
9,AAn12
6,AAN14
9,AbH1
6,ADg10
1,ADg10
18,AfA10
8,ANe10
5,AnW10
9,AWk10
31,AWk10
15,BaL1
18,BaL4
15,BaL9
18,BaL9
6,BCr10
9,BeR10
18,BeR12
5,BeR12
18,BKi10
18,BKi12
9,BKi19
6,BLv10
6,BLv12
6,BLv15
6,BLw10
13,BrL10
21,BrL15
4,BSm10
6,ByP10
26,CaF10
18,CrB10
13,CRd10
18,CsS10
25,CsS15
9,CVi10
9,CVi16
9,CyS1
18,DeR10
25,DFi10
21,DFi17
1,DFi17
9,DJR15
6,DPa10
13,DPr10
13,DPr12
9,DvR10
31,FLr10
25,FLr10
6,FRK10
13,FRK10
1,GeE10
6,GeQ10
9,GGh10
8,GGh10
1,GgW10
9,GMK10
9,GMK17
5,GMK17
9,GSi10
6,GSr10
5,HaK20
9,HCn10
6,HDl10
8,HSa10
8,HwF10
9,HWY10
25,IEy10
25,IKe5
31,ILs10
4,IMu10
4,IMu20
10,IMu20
3,IMu22
31,JAx10
26,JbB10
18,JeC10
21,JeC14
6,JGd2
9,JGd2
25,JGd10
6,JoM10
9,JoM10
9,JoM15
6,JOx10
25,JOx10
5,JOx10
9,KeG10
15,KOr1
6,KOr2
1,KSt10
25,KWW8
1,KWW14
21,LBx4
6,LBx5
9,LBx6
8,LuC10
13,MkP1
13,MkG10
33,MkG12
9,MLs10
18,MNv10
9,MSw10
25,MwB10
31,NcC10
5,NJi10
18,NlM10
18,NoE1
18,NoE3
18,NoE5
25,NoE8
15,PCh10
9,PCh15
9,PmR1
26,QTa1
1,QTa3
6,QTa3
9,QTa6
1,RBx10
8,RiS10
9,RiS10
15,RMg5
8,RMg5
26,RMc10
15,RMg10
8,RMg10
15,RMg15
8,RMg15
15,RMg17
8,RMg17
6,RrB10
6,RrB16
9,RrB18
26,RRz1
1,RRz3
26,RRz3
26,RRz5
13,RRz6
13,RTa5
13,RTa10
25,RTa10
3,RTa15
9,SGy5
9,SGy10
9,SGy12
25,SHD10
6,SoW1
9,SvA10
15,THk14
18,THk14
6,THk14
6,TDe10
9,TDe10
6,TDe14
26,TDe18
6,TDe19
26,ToK1
5,ToK1
9,TRb10
5,TRb16
9,Unknown0
18,VAr10
6,VCy10
9,VyK10
9,VyK13
9,VyK15
13,xNa10
6,VGl10
9,Z9220
3,Z9220
9,Z9230
31,Z9230
25,Z9240
8,Z9250
9,Z9250
6,Ady3
9,Ady3
18,ARw12
6,ABo10
8,AGs10
9,AnL5
6,AnL10
9,AnL12
18,AnL13
25,AnL15
9,AoS10
9,ASh10
9,AuG10
4,BeM10
9,BJR10
18,BLu10
6,BLu12
1,CaS10
9,CCa10
18,CCa13
18,CDv10
9,ChK10
18,ChK10
9,ChK13
6,CNu10
26,DAf10
8,DAP10
8,DGl10
6,DME10
6,DME13
13,DmS1
25,DRz10
4,DZo10
9,EMF10
21,GGM10
8,GGM10
9,GnA10
9,GnA13
5,GoM10
9,GyS10
4,IHo10
6,ILf10
9,IMd10
9,IMd12
25,IMd16
5,IMd17
18,IMd17
15,IMd17
9,INS10
21,JHp10
6,JTu10
9,JTu14
8,JuM10
9,KTI10
18,LeB10
1,LLl10
13,JLy10
31,JLy10
25,KHt1
9,KHt1
9,LlH10
1,MBb10
21,MBb15
18,MBi10
8,MWid15
9,MWid16
3,MkS10
9,MlG1
3,MlG5
8,MLz10
8,MRg10
18,MSb10
6,MSb10
9,MoF1
9,MoF6
6,MtM10
26,NkM10
6,OIo10
8,OvH10
8,OYa10
6,PeJ10
13,PeJ10
25,PeJ20
18,PhG10 
9,PhH10
25,PhH13
25,PYu10
1,RbH8
1,RbH10
18,RbH10
8,RcW10
9,RcW16
5,RcW16
9,RdN10
21,RHk10
26,RkK10
6,RkK15
15,RLn10
13,RmF8
13,RmF10
5,RyM10
25,RSv10
9,RWg10
18,RWg10
9,RWg12
9,RWg13
9,RWg14
9,RWg16
3,SHk10
6,SHk15
25,SiW8
23,SiW10
3,SiW12
3,SiW13
3,SiW14
18,SPt10
31,SPt10
3,SSo10
3,SSo13
13,SSo15
3,SSo16
6,SSu5
6,SSu10
5,StZ1
8,StZ5
9,StZ5
6,SvB04
6,SvB05
6,SvB10
6,SvB12
6,SvB22
6,TCn10
21,TCr10
15,TDa10
6,TDa11
18,TLo10
6,TNa10
31,TNa10
9,TrH10
8,TTN10
6,WhR10
1,WhR10
5,xBa10
6,YuB10
18,YuB14
26,Z9320
9,Z9340
6,Z9350
9,Z9360
25,AAS10
6,AFl10
9,AkS10
13,APr10
27,APr12
8,ArD10
3,ARk10
27,ARk12
6,ASm10
6,BnS10
21,BnS15
8,CFd10
6,CRu10
1,CTK10
3,CTK12
5,CyC10
6,DAl10
8,DDW10
18,DLi10
25,Dli16
9,DLu10
5,DnB10
18,DpM10
18,DpM13
9,DRu10
18,DRu10
6,DRu15
8,DvC10
9,FDa10
25,FDa15
5,FGd10
18,FTr10
6,FTr14
25,GdT10
13,GdT14
25,GdT14
18,GGC10
25,GGC14
18,GuC10
6,HtB10
9,HLv10
6,ILd10
5,IsM14
9,IsM14
9,ISz10
21,JCe10
1,JDB10
21,JDB10
3,JDB11
21,JDB12
6,JLv10
6,JSy10
4,JzG10
3,KOl10
25,LMg10
25,MdH10
18,MdJ10
25,MDn10
18,KDr10
18,KDr15
9,MDw10
18,MkT10
1,MtC10
1,MtC12
3,MtC15
25,NHy10
25,NHy15
15,NHy17
9,NHy17
21,NKz10
9,NnM10
8,PaW10
9,PaW14
6,PaF10
8,PDp10
6,PFr10
6,PFr12
25,PFr15
18,PFr17
6,PFr17
6,PJH10
18,PJH14
15,PJH14
6,PRJ10
6,PSe10
6,PlW10
9,RAA10
4,RgA10
4,RgA11
31,RgC10
31,RgC15
6,RGl10
9,RGl10
6,RlM10
6,RMn10
4,RMn10
9,RnC10
8,RtL10
25,RTo10
18,RTr10
15,RuC10
25,RuC13
5,SgT10
8,SgT10
1,SSl1
18,TBr10
9,TZz10
8,YSt10
15,YSt10
8,YSt12
15,YSt12
9,Z9410
1,AdI15
31,AdI15
18,AJa1
25,AMr10
25,AMr15
5,AMt15
21,AWw3
31,AWw3
25,AWw10
5,BGt10
5,BGt13
6,BTh10
6,BTh13
9,BTh15
6,ChN10
21,DBo6
6,DBo6
25,DBo10
6,DBo12
21,DBo12
18,DBo15
21,DBo15
25,DCn10
1,DCn10
13,DCn12
9,DSa10
6,DvF10
18,EBu8
18,FWh5
18,GSn6
6,GSn10
8,HKa10
25,HKa10
8,HKa12
9,HHH10
6,JBa10
31,JBa10
18,JLa10
6,JLa10
6,JPy10
4,JPy10
4,JPy12
1,JrR10
25,JrR10
9,KDo10
6,KSm1
6,KSm5
1,MBy2
28,MBy5
28,MBy8
18,MBy8
9,MGo5
18,MGo10
9,MMa10
6,MTh10
25,NFi10
9,OPa1
9,Opa2
18,Opa2
6,Opa2
9,SeG10
6,SWm6
6,SWm10
8,TdC10
9,TdC10
25,TOw10
9,UPr1
9,Upr2
13,WMa1
13,WMa2
13,WMa3
9,bQs10
9,bQs14
9,bQs20
9,bQs23
9,bQs25
9,bQs30
4,xQu10
27,xQu15
9,YvA13
9,Z9510
5,Z9530
1,Z9577
9,Z9585
18,Z9585
26,Z9590
9,AbK15
13,AGm10
18,AKr10
6,ASf8
6,ASf10
13,AyW11
6,BdA2
5,BnR10
21,CHp10
26,CTH10
5,DDg10
6,DDg13
18,DIl10
18,DLZ10
6,DPs10
18,DPs10
25,DPs13
6,DPs13
3,DRE10
25,DTw10
21,DTw10
25,ESc10
9,EWi10
9,FSl10
13,GAe10
9,GHb10
18,HMD1
1,IGy10
9,IRu10
18,JMn1
26,JMn2
5,JMn5
9,JMn5
25,JtF1
25,JtF3
5,JuS10
18,JWg10
9,JZa10
18,KKw10
6,KKw10
13,KvY10
9,LLG10
18,Lob9
18,LOb10
18,LOb13
25,LOb15
8,LWo10
25,MeC10
18,MkJ11
6,MkJ11
8,SMf10
5,MRa10
18,PDe10
9,RaR12
5,RaR13
18,RHg10
3,SBd10
25,SBd10
9,SBu10
5,ScH10
15,ScH10
9,ScH13
21,STi10
21,TMe10
18,TSu10
25,TSu10
8,VKo13
6,WeA10
6,xSt10
25,xSt10
9,Z9605
25,Z9610
9,Z9620
5,Z9620
18,Z9630
1,Z9640
4,Z9640
6,Z9645
6,Z9650
3,Z9655
1,Z9667
18,Z9676
6,Z9676
6,Z9685
6,Z9688
6,Z9689
6,Z9691
18,Z9693
1,Z9695
9,Z9696
9,ABe10
25,ANi10
9,ARm10
18,ATn10
6,ATn10
18,ATn11
9,ATn12
9,AxP10
9,BFr10
18,BHu10
6,BHu10
9,BPr10
6,BRa10
1,BRa12
6,BSp10
15,BSp12
6,BtS10
18,BtS10
27,CKl4
4,CSm10
8,DRa10
6,DRa10
15,DRa10
9,DWl10
6,FcA10
18,GfD10
6,GfD10
18,GfD11
21,GFl10
9,GOl1
5,GOl1
18,GrM1
5,GrN10
6,GVe10
25,HyK10
25,INi10
9,IPK10
6,IPq10
4,IPq15
31,JcC10
9,JDy10
3,JeS10
6,JfPd10
13,JiG10
6,JKf10
27,JKf10
21,JMw10
18,JNo10
30,JSj10
13,KHe10
9,KLe1
18,KSa10
6,KSa10
26,KSp1
6,LMf10
9,LTa10
1,LTa10
6,MHa10
9,MHe10
9,MHe15
1,MmL10
28,MmL12
8,MUy10
9,MvD10
6,MyS10
9,NCs10
18,NCs10
9,NLB10
6,NLB11
6,PCa10
6,PDc10
31,PTA10
6,PTA12
18,PtC10
3,RCh10
9,SBo10
18,ScW10
18,ScW13
15,SGa10
6,SKe10
6,SlB10
18,SlB10
1,SmW1
9,SmW3
31,SmW3
8,SSv10
6,STu10
6,STu11
18,TSy10
6,TSy10
6,TSy12
18,TSy12
9,TVb10
6,TVi10
6,VCH10
15,VHd10
9,xDv10
31,YRu10
9,YRu10
25,XWZ15
25,XWZ15
9,Z9730
21,Z9750
31,Z9780
25,Z9783
18,Z9783
4,Z9788
13,Z9790
21,AAm10
9,AKl10
4,ACh10
25,ASt10
13,AtB11
5,ATk10
5,Atk12
18,AWe10
9,AxB10
9,BCo10
5,BCo10
25,BrD11
4,BPl10
9,BYa10
9,CAd10
9,CLi10
25,CrC10
21,DDk10
23,DDk10
27,DDk10
6,DEl10
9,DMc1
13,DMy5
13,DMy10
6,DRo10
27,DRo10
6,DvD10
9,EDr10
3,EHe10
21,ESk10
6,EwD10
4,EwD10
18,FCr10
6,FCr10
6,FCr11
4,Fdu10
6,FOp10
26,GGy10
25,GyR10
6,GyR10
6,IFo10
25,IKu10
6,IRo10
10,IRo10
21,IPi10
13,JBk10
5,JDm10
21,JfB10
25,JGK2
4,JHa10
15,JHq10
27,JJC10
9,JKr10
6,JKr10
9,JPe10
6,JSp1
4,JKt10
8,KLg10
9,LCl10
31,LCl10
9,MaA10
6,MaI10
15,MEk10
5,MiM10
5,MiM13
6,MiM10
6,MJu10
18,MnP10
9,MnP10
9,MPo10
9,MrF10
6,MRh10
9,MSJ10
13,MWz10
5,NAb10
25,NHa10
9,NcG10
10,NMe10
6,NVe10
27,NVe10
4,NVg10
9,PAn10
18,PAu10
6,PBe10
9,PHo10
6,PtP10
21,QuL10
25,RgH10
18,RLG10
25,RWc10
9,RWc10
9,SdG1
9,SDv10
6,SfS10
6,SGu10
18,SGu10
21,SGu10
25,SKa10
6,SmS10
13,SNo10
9,SpS10
9,SRu10
9,SSb10
25,SSb12
6,StE10
8,SuF10
9,SwS10
21,SwS10
6,SwS10
9,TBe1
9,TFg1
9,TiH10
9,TJk10
31,TPa10
6,TPa10
4,TPa15
1,TTy10
1,TyK10
6,VGa10
6,VGa12
25,VMi10
9,USt10
18,USt10
10,vSM10
9,xPr10
6,xPr10
25,xSa10
6,Z9820
25,Z9830
1,Z9840
9,Z9895
8,ACo10
9,AGi10
4,AeP10
9,SAo10
9,ArJ10
25,ASv10
21,BPi10
35,BPi10
21,CNo1
18,BMc10
6,BMc10
8,CrS10
6,DFg10
8,DgB10
6,DiK10
18,DiK10
21,DLv10
18,DLv10
8,DzJ10
18,EZo10
18,GAg10
9,GeH10
6,GJu1
26,GRt1
21,HFa1
8,HHm10
15,HHm10
4,HyM10
25,HyM10
8,IvN10
25,JgW10
9,JgW10
9,JnC1
18,JnC10
15,JqM10
8,KPe10
9,KPe10
26,KvG10
15,KvG10
9,LBF10
1,LMo10
5,LUl10
9,LyR1
16,MBk10
31,MGP10
18,MlP10
6,MlP10
9,MMj10
1,MMj10
6,MMy10
26,MMy10
18,MVe10
8,NtB10
8,NtB10
8,NtB10
8,NtB10
8,PdF10
4,PeL10
9,PeK10
9,PMz10
25,PMz10
5,PSv8
9,PSv12
9,PSv13
6,PWz10
25,RGo10
8,RkB10
15,RkB10
18,RMt10
25,RsG10
8,RWd10
9,SMe1
8,SMf10
10,SyT10
9,TGw10
18,TGw10
21,TMt10
18,TnM10
9,TnM10
9,TRo1
8,VFu10
25,VNa10
13,VNa10
25,xCh10
6,Z9920
25,Z9950
31,Z9950
19,Z9955
9,Z9960
9,Z9970
4,Z9995
5,AiE10
18,DdD10
8,GLw10
31,GLw10
9,ILy10
9,JCu10
5,JmC10
15,JmC10
6,KIW10
13,KIW10
6,SCr10
25,SCs10
8,ADm10
21,DMl10
25,JGz1
21,MCf10
18,NcM10
6,NcM10
18,RLu10
6,RLu10
18,SfG1
18,SfG1
18,SMg10
5,JeN10
